druglocalcode,drugigrdname
Drug1,Valproate Sodium
Drug2,Calcitriol
Drug3,Glycopyrrolate 
Drug4,Pitavastatin
Drug5,Budesonide
Drug6,Estrogen 0.625mg + Medroxyprogesterone Acetate 2.5mg
Drug7,Peritoneal dialysate
Drug8,Lorazepam
Drug9,Propofol
Drug10,Modafinil
Drug11,Irinotecan
Drug12,Amisulpride
Drug13,Peploxacin methanesulfonate
Drug14,Vacc.Antivenin (Snake Venom Antisera)
Drug15,Ceftriaxone
Drug16,Acetylcysteine
Drug17,Lomustine
Drug18,Celecoxib
Drug19,Omeprazole
Drug20,Risperidone
Drug21,Prednisolone
Drug22,Sod.Chloride (40mEq)
Drug23,Bisacodyl
Drug24,Aprepitant
Drug25,Thioridazine.HCl
Drug26,Teriparatide
Drug27,Nateglinide
Drug28,Cisplatin
Drug29,Vacc. Polio Virus
Drug30,Tranexamic acid
Drug31,Terazosin HCl
Drug32,Erythropoietin-beta recombinant
Drug33,Estrogen Conjugated
Drug34,Tetanus Immune Globulin (human)
Drug35,Manidipine
Drug36,Ampicillin + Sulbactam
Drug37,Propiverine HCl
Drug38,Amosulalol
Drug39,Alprazolam
Drug40,Immunoglobulin-G (IV)
Drug41,Oxaliplatin
Drug42,Saccharomyces cerevisiae Hansen CBS 5926
Drug43,Alprostadil
Drug44,Levodropropizine
Drug45,Hydroxyurea
Drug46,Hyaluronate Sodium
Drug47,Ibudilast
Drug48,Iron acetyltransferrine hydroglyceride
Drug49,Cefotetan
Drug50,Diacerhein
Drug51,Diazepam
Drug52,Dried human fibrinogen
Drug53,Etoposide
Drug54,Methocarbamol
Drug55,Clarithromycin
Drug56,Famotidine.
Drug57,Bromhexine
Drug58,Filgrastim (G-CSF)
Drug59,Ethanolamine oleate 5%
Drug60,Magnesium sulfate
Drug61,Vitamins + Minerals
Drug62,Tacrolimus
Drug63,Doxycycline.H2O
Drug64,Thioguanine
Drug65,Flecainide
Drug66,Tacalcitol
Drug67,Gabapentin
Drug68,Duloxetine HCl
Drug69,Lidocaine.HCl (4%)
Drug70,Piroxicam + Lidocaine
Drug71,Estradiol + Drospirenone
Drug72,Nitrendipine
Drug73,tetracaine
Drug74,Peritoneal dialysate
Drug75,Purified Urokinase
Drug76,Peritoneal dialysate
Drug77,Vitis vinifera Ext.
Drug78,Triamcinolone
Drug79,Testosterone undecanoate
Drug80,Cefuroxime Sodium
Drug81,Phenobarbital sod.
Drug82,Ranitidine HCl
Drug83,fluorouracil
Drug84,Metformin HCl
Drug85,ZnSO4 61.76mg + Vitamin multiple
Drug86,Levetiracetam
Drug87,Loratadine
Drug88,Cefoxitin Sodium
Drug89,Glibenclamide
Drug90,Cyclosporine
Drug91,Etoposide
Drug92,Fludarabine Phosphate
Drug93,Captopril
Drug94,Aprotinin
Drug95,Calcium Citrate
Drug96,Methotrexate
Drug97,Dacarbazine
Drug98,Peritoneal dialysate
Drug99,Tacrolimus
Drug100,Palivizumab
Drug101,Levodopa + Carbidopa + Entacapone
Drug102,Loperamide
Drug103,Thiocolchicoside 4mg + Escin free acid 20mg
Drug104,Calcium
Drug105,Warfarin Sod
Drug106,DIGESTIVES_ INCL. 
Drug107,Povidone Iodine
Drug108,Olmesartan 20mg+HCTZ 12.5mg
Drug109,Mg.Lactate 470mg + Pyridoxine HCl 5mg
Drug110,Kanamycin Sulfate Soluble
Drug111,Clonidine.HCl
Drug112,Thyrotropin alpha
Drug113,Other antineoplastic agents
Drug114,Erythromycin estolate
Drug115,Ofloxacin
Drug116,Hydralazine.HCl
Drug117,Cefditoren
Drug118,Buspirone.HCl
Drug119,Liver therapy
Drug120,Glibenclamide 2.5mg + Metformin 400mg
Drug121,Corticosteroids for systemic use_ combinations
Drug122,Sultamicillin Tosylate
Drug123,Beraprost Sodium
Drug124,Tramadol 37.5mg + Acetaminophen 325mg
Drug125,Aceclofenac
Drug126,Simvastatin
Drug127,Na2HPO4.7H2O + NaH2PO4.H2O
Drug128,Panipenem 0.5g + Betamipron 0.5g
Drug129,Micronomicin Sulfate
Drug130,Cimicifuga fluid ext. 0.0364ml+Hyperici dried ext. 84mg
Drug131,Dried Ivy leaf ext.
Drug132,Midazolam
Drug133,Oseltamivir
Drug134,sodium selenite
Drug135,Norepinephrine
Drug136,Bleomycin.HCl
Drug137,Verteporfin
Drug138,Activated charcoal (micronized)
Drug139,Cytarabine
Drug140,Alprazolam
Drug141,Etodolac Micronized
Drug142,Famciclovir
Drug143,Cefaclor
Drug144,Famotidine
Drug145,Hemodialysate
Drug146,Ethinyl Estradiol 0.03mg + Drospirenone 3mg
Drug147,Ciprofloxacin + Fluocinolone Acetonide
Drug148,Tretinoin
Drug149,Labetalol.HCl
Drug150,Tacrine.HCl
Drug151,Tacrolimus
Drug152,Fluticasone propionate
Drug153,Candesartan Cilexetil
Drug154,Allopurinol
Drug155,Liver therapy
Drug156,Ethinylestradiol + Levonorgestrel
Drug157,Tropisetron
Drug158,Cefazoline.Na
Drug159,Theophylline
Drug160,Desensitizing Vaccine
Drug161,Pravastatin sod.
Drug162,Fenoterol HBr
Drug163,Thiotepa
Drug164,Galantamine
Drug165,Salcatonin
Drug166,Salbutamol
Drug167,Candesartan
Drug168,Human chorionic gonadotropin
Drug169,Oxycodone HCl
Drug170,Cytarabine
Drug171,Capecitabine
Drug172,Tinidazole
Drug173,Pancreatin_UDCA_Diastase etc
Drug174,BCG Strain Connaught
Drug175,Terpenes (Pinene 17mg+camphene 5mg+cineol 2mg+borneol 5mg+menthol 32mg+menthone 6mg)
Drug176,Peritoneal dialysate
Drug177,Hyoscin+Sulpyrin
Drug178,Methylergometrine
Drug179,Salbutamol Sulfate
Drug180,Leucovorin Calcium
Drug181,Zolpiderm
Drug182,Metoprolol Succinate
Drug183,Quinupristin + Dalfopristin
Drug184,Itraconazole
Drug185,Dexrazoxane
Drug186,Baclofen
Drug187,Telmisartan
Drug188,Sarpogrelate
Drug189,Amphotericin B Colloidal dispersion
Drug190,Losartan K
Drug191,Cefepime HCl
Drug192,Telmisartan
Drug193,Ticarcillin Na + Clavulanate K
Drug194,Danazol
Drug195,Ascorbic acid(Vit.C)
Drug196,amoxicillin and enzyme inhibitor
Drug197,Galantamine
Drug198,Interferon gamma
Drug199,Peritoneal dialysate
Drug200,Topiramate
Drug201,Cytarabine
Drug202,Desmopressin Acetate
Drug203,Triamcinolone
Drug204,Imipenem + Cilastatin Sod.
Drug205,Terazosin HCl
Drug206,Peritoneal dialysate
Drug207,Mycophenolate Mofetil
Drug208,Ipratropium Br
Drug209,Haloperidol
Drug210,Nifedipine 
Drug211,Paroxetine HCl
Drug212,Insulin Human (RI 30% + NPH 70%)
Drug213,Sivelestat sodium hydrate
Drug214,Alprostadil
Drug215,Saccharomyces serevisiae
Drug216,Olanzapine
Drug217,Amitriptyline
Drug218,Roxithromycin
Drug219,Immunoglobulin-G (IV)
Drug220,Digestive Enzymes
Drug221,Meropenem
Drug222,Azithromycin
Drug223,Aminophylline
Drug224,Cefepime HCl
Drug225,Bromocriptine mesylate
Drug226,Misoprostol
Drug227,Peritoneal dialysate
Drug228,Fusidic acid Sodium
Drug229,Risperidone
Drug230,Zipeprol HCl
Drug231,Tolterodine
Drug232,Tetanus Immune Globulin (human)
Drug233,Dimethylsulfoxide
Drug234,Cal.dobesilate
Drug235,Ampicillin.Na
Drug236,Doxorubicin HCl
Drug237,DIGESTIVES_ INCL. 
Drug238,Norepinephrine
Drug239,Leucovorin Calcium
Drug240,Haloperidol
Drug241,Hyperici Ext. (St.John's Wort Ext.)
Drug242,Filgrastim (G-CSF)
Drug243,Clotiazepam
Drug244,Levonorgestrel
Drug245,Rituximab
Drug246,Estradiol + Norethisterone
Drug247,Exemestane
Drug248,Atomoxetine
Drug249,Methyldopa
Drug250,Cyclosporine
Drug251,Human Immunoglobulin
Drug252,Levodropropizine
Drug253,Telithromycin
Drug254,Mycophenolate Sod
Drug255,Other antineoplastic agents
Drug256,Trazodone.HCl
Drug257,Vit A.D.E B-Comp. Vit.C
Drug258,Deferasirox
Drug259,Megestrol
Drug260,Epinastine HCl
Drug261,Alendronate 70mg+Cholecalciferol 5600unit
Drug262,Other antineoplastic agents
Drug263,Methoxsalen
Drug264,Erlotinib
Drug265,Doxazosin mesylate
Drug266,Roxithromycin
Drug267,Magnesium sulfate
Drug268,Sulprostone
Drug269,Vitamin B_C
Drug270,Danazol
Drug271,Zopiclone
Drug272,Chlorpromazine HCl
Drug273,Mesalazine
Drug274,Spironolactone+HCTZ
Drug275,Ascorbic Acid
Drug276,Atosiban
Drug277,Tibolone
Drug278,GM-CSF
Drug279,Gemfibrozil
Drug280,Edrophonium chloride
Drug281,Carteolol.HCl
Drug282,Diclofenac beta-dimethylaminoethanol
Drug283,Leflunomide
Drug284,Docetaxel
Drug285,Peritoneal dialysate
Drug286,Vacc. Influenza Virus
Drug287,Carmustine(BCNU)
Drug288,Paclitaxel
Drug289,Flunarizine.HCl
Drug290,Glucagon
Drug291,Levetiracetam
Drug292,Piroxicam
Drug293,Insulin Human
Drug294,Other antineoplastic agents
Drug295,Enteral Nutrition Liquid
Drug296,Teprenone
Drug297,Ergotamine tartrate+Caffeine
Drug298,Antacids_ other combinations
Drug299,Rabeprazole
Drug300,Methotrexate
Drug301,Tamoxifen citrate
Drug302,Itopride HCl
Drug303,Avocado-Soya Unsaponifiables
Drug304,Phenylephrine
Drug305,Terlipressin Acetate
Drug306,Cyclophosphamide
Drug307,Calcium Gluconate
Drug308,Peritoneal Dialysate
Drug309,Loperamide
Drug310,Pyrazinamide
Drug311,Sulglycotide
Drug312,Ampicillin + Sulbactam
Drug313,Vitamine B comp
Drug314,Salmeterol 50mcg + Fluticasone propionate 500mcg/puff
Drug315,Bupropion
Drug316,Mitomycin-C
Drug317,amoxicillin and enzyme inhibitor
Drug318,Ropinirole
Drug319,Candesartan + Hydrochlothiazide
Drug320,Trazodone HCl
Drug321,Ketamine.HCl
Drug322,Propentofylline
Drug323,Oseltamivir
Drug324,Botulinum toxin type A
Drug325,Vinblastine sulfate
Drug326,Peritoneal Dialysate
Drug327,Ketotifen Hydrogen fumarate
Drug328,Clofazimine
Drug329,Other antineoplastic agents
Drug330,Cyclobenzaprine
Drug331,Peritoneal dialysate
Drug332,Gliclazide
Drug333,Cisapride Tartrate
Drug334,Methylergometrine
Drug335,Vacc. D.T.
Drug336,Estropipate
Drug337,Estradiol Valerate
Drug338,Somatropin
Drug339,Tranexamic acid
Drug340,Other antineoplastic agents
Drug341,Metronidazole
Drug342,Peritoneal dialysate
Drug343,Erythromycin Lactobionate
Drug344,Ketorolac Tromethamine
Drug345,Clonidine.HCl
Drug346,Simvastatin
Drug347,Simvastatin 20mg + Ezetimibe 10mg
Drug348,Streptococcus faecium + Bacillus subtilis
Drug349,Pethidine HCL
Drug350,Peritoneal Dialysate
Drug351,Minoxidil
Drug352,Cefmetazole
Drug353,Diclofenac sod. + Misoprostol
Drug354,Fluticasone furoate
Drug355,Valsartan + Hydrochlorothiazide
Drug356,Peritoneal dialysate
Drug357,Pantoprazole
Drug358,Octreotide
Drug359,Brompheniramine + phenylpropanolamine
Drug360,Estrogen Conjugated
Drug361,Hyoscin
Drug362,Neostigmine Methylsulfate
Drug363,Dioctahedral Smectite
Drug364,Epoetin beta_ Methoxy polyethylene glycol
Drug365,Pethidine.HCl
Drug366,Oseltamivir
Drug367,Olanzapine
Drug368,Zanamivir
Drug369,Lamotrigine
Drug370,r-TPA
Drug371,Potassium Citrate + Citric acid
Drug372,Moxifloxacin
Drug373,Ascorbic acid
Drug374,Basiliximab
Drug375,Levothyroxine
Drug376,Atorvastatin
Drug377,Other antineoplastic agents
Drug378,Tiquizium Br
Drug379,Amineptine.HCl
Drug380,Pregabalin
Drug381,Attapulgite
Drug382,Ethinylestradiol + Levonorgestrel
Drug383,Reserpine
Drug384,Gabapentin
Drug385,Estradiol Hemihydrate
Drug386,Hydroxychloroquine sulfate
Drug387,Paliperidone
Drug388,Thiopental Sodium
Drug389,Phloroglucinol
Drug390,Olanzapine
Drug391,Methocarbamol
Drug392,Nafcillin Sodium
Drug393,Levodopa+Benserazide
Drug394,Cyproheptadine
Drug395,Thioguanine
Drug396,Tretinoin
Drug397,Meloxicam
Drug398,Cefotaxime
Drug399,Prazosin HCl
Drug400,Palivizumab
Drug401,Methylphenidate HCl
Drug402,Ticlopidine.HCl
Drug403,Lomustine (CCNU)
Drug404,Cefpiramide.sod
Drug405,Somatostatin 
Drug406,Terbinafine.HCl
Drug407,Memantine
Drug408,Lanthanum Carbonate
Drug409,Hydromorphone HCl 32mg
Drug410,Biperiden.HCl
Drug411,Aluminium hydroxide etc
Drug412,Other antineoplastic agents
Drug413,Perphenazine.HCl
Drug414,Estrogen Conjugated
Drug415,Medroxyprogesterone acetate
Drug416,Thrombin
Drug417,Voglibose
Drug418,Galantamine
Drug419,Calcium Acetate
Drug420,Cholestyramine resin
Drug421,Bucillamine
Drug422,Famotidine
Drug423,Trihexyphenidyl
Drug424,Diltiazem
Drug425,Mexiletine.HCl
Drug426,Peritoneal dialysate
Drug427,Griseofulvin
Drug428,Epoetin beta_ Methoxy polyethylene glycol
Drug429,Hydroxyurea
Drug430,Roxithromycin
Drug431,Chlorpromazine HCl
Drug432,Bleomycin.HCl
Drug433,Fluconazole
Drug434,Vancomycin
Drug435,Cisapride
Drug436,Risperidone
Drug437,Midodrine.HCl
Drug438,Hydroxyzine HCl
Drug439,Fenofibrate(Procetofene)
Drug440,S-Carboxymethylcysteine + Sobrerol
Drug441,Hepatitis B Immunoglobulin
Drug442,Phentermine
Drug443,Enteral Nutrition Liquid
Drug444,Acetazolamide Sodium
Drug445,Leucovorin Calcium
Drug446,Methylprednisolone
Drug447,Erythropoietin-��recombinant
Drug448,Piperacillin + Tazobactam
Drug449,Zolpidem hemitartrate
Drug450,Gatifloxacin
Drug451,Meloxicam
Drug452,Pot.Chloride(40mEq)
Drug453,Estrogen Conjugated
Drug454,Chlormadinone acetate
Drug455,Other antineoplastic agents
Drug456,Doxorubicin HCl
Drug457,Hemocoagulase
Drug458,Midazolam
Drug459,Rivastigmine
Drug460,Theophylline
Drug461,Busulfan
Drug462,Propofol
Drug463,Levodopa + Carbidopa + Entacapone
Drug464,Sparfloxacin
Drug465,Budesonide
Drug466,Terfenadine
Drug467,Ethosuximide
Drug468,Chlorpheniramine maleate
Drug469,Other antineoplastic agents
Drug470,Indinavir
Drug471,Pemirolast
Drug472,Terfenadine
Drug473,Rosiglitazone 4mg + Glimepiride 2mg
Drug474,Cefamandol nafate
Drug475,Mometasone furoate
Drug476,Nifedipine
Drug477,Irinotecan
Drug478,Rifaximin
Drug479,Ticarcillin Na + Clavulanate K
Drug480,Fexofenadine
Drug481,Follitropin ��
Drug482,Dextromethorphan+Methylephedrine etc
Drug483,Digoxin
Drug484,Indigocarmine
Drug485,Bevantolol HCl
Drug486,Aesculus hippocastanum leaves ext
Drug487,Tianeptine Sodium
Drug488,Rocuronium Br
Drug489,Cefotiam.HCI
Drug490,Sod.Chloride 3%
Drug491,Disodium clodronate
Drug492,Pancreatin etc
Drug493,Iron acetyl transferrin
Drug494,Cilostazol
Drug495,Na2HPO4.7H2O + NaH2PO4.H2O
Drug496,Dolasetron mesylate
Drug497,Captopril
Drug498,Pentosan Polysulfate Sodium
Drug499,Carumonam Sodium
Drug500,Cytarabine
Drug501,Tramadol.HCl
Drug502,Topiramate
Drug503,Carumonam Sodium
Drug504,Chymopapain
Drug505,Losartan K 100mg+Amlodipine 5mg
Drug506,Varicella Zoster Immune Globulin
Drug507,Famciclovir
Drug508,Glycopyrrolate
Drug509,Pentamidine Isethionate
Drug510,Hydroxyzine HCl
Drug511,Perindopril
Drug512,Methylphenidate HCl
Drug513,Cyclosporine
Drug514,Acyclovir
Drug515,Paroxetine.HCl
Drug516,Ergotamine tartrate+Belladonna alkaloid
Drug517,GM-CSF
Drug518,Haloperidol
Drug519,Other antineoplastic agents
Drug520,Vacc.Hapatitis B
Drug521,Naloxone.HCl
Drug522,Alendronate
Drug523,Desmopressin Acetate
Drug524,Propranolol.HCl
Drug525,Daunorubicin.HCl
Drug526,Omega-3-acid ethylester 90
Drug527,Estramustine
Drug528,Fibrinogen+Aprotinin+CaCl2
Drug529,Tranilast
Drug530,Cholestyramine resin
Drug531,Idebenone
Drug532,Calcium Citrate 750mg + Cholecalciferol 400IU
Drug533,Citrulline maleate
Drug534,Isosorbide Dinitrate
Drug535,Montelukast Sodium
Drug536,Immunocyanin
Drug537,Paclitaxel
Drug538,Levofloxacin
Drug539,lidocaine_ combinations
Drug540,Triprolidine+Pseudoephedrine
Drug541,Erythropoietin-beta recombinant
Drug542,Antacids_ other combinations
Drug543,Flavoxate.HCl
Drug544,Dipyridamole
Drug545,Rivastigmine
Drug546,Sod.bicarbonate
Drug547,Immunoglobulin-G (IM)
Drug548,Nefazodone HCl
Drug549,Caroverine HCl+Naphtylacetic acid+Nicotic acid
Drug550,Paliperidone
Drug551,Indocyanine Green
Drug552,Human Papiloma virus Recombinant Vaccine_ Quadrivalent
Drug553,Rosiglitazone 4mg + Glimepiride 1mg
Drug554,Cefminox sodium
Drug555,Oxaliplatin
Drug556,Budesonide 320mcg + Formoterol 9mcg
Drug557,Nadroparin Ca
Drug558,Rifampicin
Drug559,Spironolactone+HCTZ
Drug560,Duloxetine HCl
Drug561,Ropivacaine
Drug562,Limaprost
Drug563,Fenofibrate
Drug564,Phytonadione(Vit.K1)
Drug565,Simvastatin
Drug566,Topiramate
Drug567,Isosorbide Dinitrate
Drug568,Spectinomycin.HCl
Drug569,Dobutamine HCl
Drug570,Haloperidol
Drug571,Dacarbazine
Drug572,Tolperisone.HCl
Drug573,Aminophylline
Drug574,Amphotericin B_ liposomal
Drug575,Ferrous Sulfate dried
Drug576,Thyrotropin Releasing Hormone(T.R.H)
Drug577,Dexibuprofen
Drug578,Ipriflavone
Drug579,Manidipine
Drug580,Other antineoplastic agents
Drug581,Lonazolac Ca
Drug582,Clebopride/simethicone
Drug583,Adenosine
Drug584,Piroxicam B-cyclodextrin
Drug585,Ketorolac Tromethamine
Drug586,Fentanyl citrate
Drug587,Estropipate
Drug588,Fluoxetin HCl
Drug589,Antacids_ other combinations
Drug590,Doxofylline
Drug591,Sufentanil
Drug592,Aripiprazole
Drug593,Al(OH)3 + Mg(OH)2 + Simethicone
Drug594,Quetiapine
Drug595,Adenosin
Drug596,Oxytocin
Drug597,Ibuprofen 200mg + Arginine 185mg
Drug598,Ranitidine.HCl
Drug599,Peritoneal dialysate
Drug600,Valproic Acid
Drug601,Procyclidine
Drug602,Insulin Human (RI 30% + NPH 70%)
Drug603,Minoxidil
Drug604,Abciximab
Drug605,��-linolenic acid
Drug606,Vacc. MMR
Drug607,Alendronate 70mg + Cholecalcipherol 2800IU
Drug608,Propranolol
Drug609,Heptaplatin
Drug610,Oxycodone HCl
Drug611,Atenolol(50mg)+Chlorthalidone(12.5mg)
Drug612,Isosorbide Mononitrate
Drug613,Nicergoline
Drug614,Nystatin(100_000U/ml)
Drug615,Doxifluridine
Drug616,Multivitamins_ plain
Drug617,Varenicline
Drug618,Darbepoetin-��
Drug619,Other antineoplastic agents
Drug620,Risperidone
Drug621,Nicorandil
Drug622,Quinidine sulfate
Drug623,Thiocolchicoside
Drug624,Tramadol HCl 37.5mg_ Acetaminophen 325mg
Drug625,Ofloxacin
Drug626,Clarithromycin
Drug627,Itraconazole
Drug628,Alibendol
Drug629,Colchicine
Drug630,Rasburicase
Drug631,Human chorionic gonadotropin (HCG)
Drug632,Cefotetan Disodium
Drug633,Cal carbonate 1250mg + Cholecalciferol 1000IU
Drug634,Ebastine
Drug635,Parnaparin Sod
Drug636,Histidine_Tryptophan_Ketoglutarate
Drug637,(D)-Mannitol + (D)-Sorbitol
Drug638,Hydrocortisone
Drug639,Olanzapine
Drug640,Dapsone
Drug641,Cyproheptadine Orotate + Carnitine + Lysine + Cyanocobalamin
Drug642,Nadroparin Ca
Drug643,Lamivudine
Drug644,Other bacterial vaccines
Drug645,Oxaliplatin
Drug646,Metformin
Drug647,Phenytoin_sod
Drug648,Valsartan
Drug649,Hemodialysate
Drug650,Meloxicam
Drug651,Nalbuphine HCl
Drug652,Acyclovir
Drug653,Lactulose
Drug654,Cycloserine
Drug655,B-Galactosidase
Drug656,Baclofen
Drug657,FSH(Urofollitrophin)
Drug658,Other antineoplastic agents
Drug659,DIGESTIVES_ INCL. 
Drug660,Carbamazepine
Drug661,Leuprolidine acetate
Drug662,Proteolytic enzymes
Drug663,Donepezil
Drug664,Ascorbic acid
Drug665,Leucovorin Calcium
Drug666,Nimesulide
Drug667,Peritoneal dialysate
Drug668,Loperamide. HCI
Drug669,Sod.Chloride
Drug670,Alcohol dehydrated
Drug671,Thioctic acid
Drug672,Vardenafil
Drug673,Sertaconazole nitrate
Drug674,Benidipine
Drug675,Amlodipine 5mg+Valsartan 160mg
Drug676,Levothyroxine sod.
Drug677,Ropinirole
Drug678,Lacidipine
Drug679,Lansoprazole
Drug680,Azacitidine
Drug681,Trimethoprim 8mg+Sulfamethoxazole 40mg
Drug682,Captopril
Drug683,Peritoneal dialysate
Drug684,Insulin aspart
Drug685,Valproic acid(Divalproex Sod)
Drug686,Erythropoietin-��recombinant
Drug687,Trimethoprim+Sulfamethoxazole
Drug688,Calcium Chloride
Drug689,Plantaginis semen + Plantaginis testa
Drug690,Anagrelide
Drug691,Lansoprazole
Drug692,Carvedilol
Drug693,Propofol
Drug694,Estradiol + Cyprotenone
Drug695,Levodopa+Carbidopa
Drug696,Levothyroxine sod.+Liothyronine sod.
Drug697,Tegaserod
Drug698,Immunoglobulin-G (IM)
Drug699,Ethambutol
Drug700,Vitis vinifera Ext.
Drug701,Antacids_ other combinations
Drug702,Idarubicin HCl
Drug703,Streptomycin sulfate
Drug704,Doxorubicin HCl
Drug705,Estradiol + Norethisterone
Drug706,Insulin Lispro
Drug707,Chloramphenicol sod. succinate
Drug708,Methylphenidate HCl
Drug709,Nicardipine
Drug710,Ephedrine HCl.
Drug711,L-Carnitine
Drug712,Bisacodyl+Docusate sod.
Drug713,Ropinirole
Drug714,Bisacodyl 5mg + Docusate Sodium 16.75mg
Drug715,Ferrous aminoacetyl Sulfate + folic acid + cobamamide + pyridoxine
Drug716,Cisplatin
Drug717,Hepatitis B Immunoglobulin
Drug718,Goserelin
Drug719,Terpenes (Pinene 31mg+camphene 15mg+borneol 10mg+Anethol 4mg+cineol 3mg+pencone 4mg)
Drug720,Oxatomide
Drug721,Sulpiride
Drug722,Cefoperazone + Sulbactam
Drug723,Hydromorphone HCl 8.72mg
Drug724,Carboplatin
Drug725,Zipeprol.HCl
Drug726,Methylprednisolone sod. succinate
Drug727,Pantoprazole
Drug728,Rofecoxib
Drug729,Nadroparin Ca
Drug730,Progesterone
Drug731,Varenicline
Drug732,Loracarbef
Drug733,amoxicillin and enzyme inhibitor
Drug734,Enalapril maleate
Drug735,Minocycline.HCl
Drug736,Valsartan
Drug737,Ginkgo biloba ext.
Drug738,Fosfomycin Trometamol
Drug739,Vacc.Hepatitis B
Drug740,Propiverine HCl
Drug741,Amiloride.HCl
Drug742,Insulin Human (NPH)
Drug743,Ondansetron.HCl
Drug744,Liver therapy
Drug745,Paliperidone
Drug746,Potassium Citrate 3300mg + Citric acid 1002mg
Drug747,Ampicillin + Sulbactam
Drug748,Aspirin lysine 0.9g + Aminoacetic acid 0.1g
Drug749,Levetiracetam
Drug750,Zanamivir
Drug751,Chlorpheniramine Maleate 4mg
Drug752,Entecavir
Drug753,Clopidogrel
Drug754,Benproperine Phosphate
Drug755,Lovastatin
Drug756,Gabexate mesylate
Drug757,Levofloxacin
Drug758,Busulfan
Drug759,Oxaliplatin
Drug760,Haloperidol
Drug761,Sod. Chloride
Drug762,Doxifluridine
Drug763,Theophylline anhydrous
Drug764,Roxatidine acetate.HCl
Drug765,S-adenosyl-L-methionine
Drug766,Insulin Human (RI)
Drug767,Simvastatin
Drug768,BACTERIAL VACCINES
Drug769,Piracetam
Drug770,Pramipexole
Drug771,Tegafur 100mg + Uracil 224mg
Drug772,Diltiazem
Drug773,Calcifediol
Drug774,Insulin aspart
Drug775,Acetylcysteine
Drug776,Itraconazole
Drug777,Alfacalcidol
Drug778,Tropisetron
Drug779,Vacc.Hepatitis B
Drug780,Melilotus ext.+Proxyphylline
Drug781,Folic acid
Drug782,Nizatidine
Drug783,Citalopram
Drug784,Ciprofloxacin
Drug785,Peritoneal dialysate
Drug786,Methocarbamol
Drug787,amoxicillin and enzyme inhibitor
Drug788,Human Papilloamavirus Type 16 & 18
Drug789,Trimetazidine.HCl
Drug790,Sorafenib
Drug791,Vincristine sulfate
Drug792,Carbetocin
Drug793,Isoproterenol. HCl
Drug794,Methimazole
Drug795,tetracaine
Drug796,Diltiazem
Drug797,Ceftriaxone Na
Drug798,Leuprolide acetate (Leuprorelin acetate)
Drug799,Peritoneal dialysate
Drug800,Pyridostigmine bromide
Drug801,Ceftazidime
Drug802,Flumazenil
Drug803,Glycopyrrolate
Drug804,Menatetrenone
Drug805,Ceftriaxone.Na
Drug806,Iloprost
Drug807,Carvedilol
Drug808,Peritoneal dialysate
Drug809,Cefmetazole
Drug810,Vacc.Hepatitis B
Drug811,Voriconazole
Drug812,Metoclopramide.HCl
Drug813,Amezinium
Drug814,Clomiphene citrate
Drug815,Spironolactone
Drug816,Peritoneal dialysate
Drug817,Thioctic acid
Drug818,Ritodrine.HCl
Drug819,Growth Hormone (human)
Drug820,Streptokonase + Streptodornase
Drug821,Methylene Blue
Drug822,Tobramycin sulfate
Drug823,Aldesleukin
Drug824,Dried Ivy leaf ext.
Drug825,Lansoprazole
Drug826,Isosorbide Dinitrate
Drug827,Peginterferon alpha-2a
Drug828,Verapamil.HCl
Drug829,Kanamycin sulfate
Drug830,Magnesium Oxide
Drug831,Megestrol acetate
Drug832,Somatropin 24IU(8mg)
Drug833,Amlodipine Maleate
Drug834,Cerebrolysin concentrate
Drug835,Amoxicillin
Drug836,Antilymphocyte Immunoglobulin
Drug837,Valproate Sodium
Drug838,Furosemide
Drug839,Atenolol
Drug840,Vasopressin-8-L-lysine
Drug841,Chloramphenicol
Drug842,Mizoribine
Drug843,Carduus marianus ext.(Silymarin + silybin)
Drug844,Norephinephrine Bitartrate
Drug845,Ciclesonide
Drug846,Vancomycin HCl
Drug847,Ganciclovir
Drug848,Peginterferon alpha-2a
Drug849,Teicoplanin
Drug850,Pravastatin Sod.
Drug851,Ranitidine HCl
Drug852,Oxycodone+Acetaminophen
Drug853,Almagate
Drug854,Amitriptyline.HCl
Drug855,Carboplatin
Drug856,Cisapride Tartrate
Drug857,Omeprazole
Drug858,Trimethoprim + Sulfamethoxazole
Drug859,Donepezil
Drug860,Torasemide
Drug861,Codeine Phosphate 10mg + Ibuprofen 200mg + Acetaminophen 250mg
Drug862,Clonazepam
Drug863,Lactobacillus rhamnosus + Lactobacillus acidophilus
Drug864,Warfarin sod.
Drug865,Formoterol fumarate
Drug866,Cyclophosphamide
Drug867,Lactobacillus acidophilus Tyndallized lyophilizate
Drug868,Loperamide.HCl
Drug869,Flecainide
Drug870,Ribavirin
Drug871,Cefazoline Na
Drug872,Atropine sulfate
Drug873,Nizatidine
Drug874,Alcohol Dehydrated
Drug875,Exenatide 0.3mg_ m-cresol 2.64
Drug876,Levodopa+Carbidopa
Drug877,Mg.dimecrotate
Drug878,Cerebrolysin concentrate
Drug879,Peritoneal dialysate
Drug880,Citicoline
Drug881,DIGESTIVES_ INCL. 
Drug882,Antacids_ other combinations
Drug883,Bendazac lysine dihydrate
Drug884,Valproic Acid
Drug885,Metformin
Drug886,Chlorcinnazine 2HCl + diphexamide + phenylpropanolamine
Drug887,Other antineoplastic agents
Drug888,Other antineoplastic agents
Drug889,Doxapram.HCl
Drug890,Propacetamol
Drug891,Trimethoprim + Sulfamethoxazole
Drug892,Pyridoxine.HCl
Drug893,Udenafil
Drug894,Sulfasalazine
Drug895,Parnaparin Sod
Drug896,Cytochrom-C
Drug897,Other antineoplastic agents
Drug898,Progesterone
Drug899,fluorouracil
Drug900,Amino acids
Drug901,Sod.alginate
Drug902,Micronomicin Sulfate
Drug903,Irbesartan 150mg + Hydrochlorothiazide 12.5mg
Drug904,Ferrous Sulfate 33.85mg + dl-Serine 25.8mg /ml
Drug905,Dobutamine HCl
Drug906,Zonisamide
Drug907,Acyclovir
Drug908,Rivastigmine
Drug909,Cefazedone Sod.
Drug910,Clarithromycin
Drug911,Nateglinide
Drug912,Ondansetron.HCl
Drug913,L.acidophilus 150mg + Strep.faecalis 150mg + L.bifidus 100mg
Drug914,Sotalol.HCl
Drug915,Cisapride
Drug916,Apomorphine
Drug917,Ecabet Sodium
Drug918,Coagulation factor ��
Drug919,Insulin Human (RI/NPH:30/70)
Drug920,Clarithromycin
Drug921,Toremifene Citrate
Drug922,Aminoacid + Vitamin
Drug923,Darbepoetin-��
Drug924,Piperacillin sod.
Drug925,Imipenem + Cilastatin Sod.
Drug926,Epoetin beta_ Methoxy polyethylene glycol
Drug927,Vaccinium Myrtillus ext.
Drug928,Megestrol acetate
Drug929,Nicardipine
Drug930,Enflurane
Drug931,IgM enriched human immunoglobulin
Drug932,Rabeprazole
Drug933,Amlodipine 5mg+Valsartan 80mg
Drug934,Alprostadil(Lipo PGE1)
Drug935,Lacidipine
Drug936,Protamine sulfate
Drug937,Growth Hormone (Somatropin)
Drug938,Digoxin
Drug939,Risperidone
Drug940,Filgrastim (G-CSF)
Drug941,Vacc.Rotavirus
Drug942,Alprazolam
Drug943,Temozolomide
Drug944,Levofloxacin
Drug945,Aspirin (Enteric coated)
Drug946,Acarbose
Drug947,Citicoline
Drug948,Desflurane
Drug949,Lidocaine HCl
Drug950,Losartan K
Drug951,Chlordiazepoxide+Clidinium bromide
Drug952,Vancomycin HCl
Drug953,Auranofin
Drug954,Choline alfoscerate
Drug955,Erofenamate
Drug956,Fentanyl citrate
Drug957,Enteral nutrient
Drug958,Nafamostat
Drug959,Aminolevulinic acid
Drug960,Valproic acid
Drug961,Acebutolol.HCl
Drug962,Liothyronine
Drug963,Peritoneal dialysate
Drug964,Sumatriptan Succinate
Drug965,Ciprofloxacin
Drug966,Testosterone Undecanoate
Drug967,Erythropoietin
Drug968,Antacids_ other combinations
Drug969,Cimetidine
Drug970,Irbesartan 300mg + Hydrochlorothiazide 12.5mg
Drug971,Estrogen 0.625mg + Medroxyprogesterone Acetate 5mg
Drug972,Rocuronium Br
Drug973,Tiropramide
Drug974,Zaltoprofen
Drug975,Remifentanil HCl
Drug976,Follitropin-��
Drug977,Dexamethasone
Drug978,Macrogol 4000
Drug979,Aztreonam
Drug980,Peritoneal dialysate
Drug981,Phloroglucin + trimethylphloroglucin
Drug982,Codeine Phosphate
Drug983,Darbepoetin-��
Drug984,Choline Magnesium Trisalicylate
Drug985,Streptococcus faecium + Bacillus subtilis
Drug986,Ganciclovir
Drug987,Esmolol.HCl
Drug988,Ceftazidime
Drug989,Cetrorelix
Drug990,Extratum Cepae 100mg + Heparin Sodium 50IU + Allantoin 10mg /G
Drug991,Tamsulosin
Drug992,Lactitol Monohydrate
Drug993,Glucagon.HCl
Drug994,Ascorbic acid
Drug995,Doxycycline hyclate
Drug996,Liver therapy
Drug997,Levodopa + Carbidopa + Entacapone
Drug998,Tigecycline
Drug999,Mitoxantrone HCl
Drug1000,Sibutramine mesylate
Drug1001,Peritoneal dialysate
Drug1002,Clozapine
Drug1003,Folic acid
Drug1004,Etidronate disodium
Drug1005,Cefixime
Drug1006,Peritoneal dialysate
Drug1007,Paclitaxel
Drug1008,Finasteride
Drug1009,Vit B1_B6_B12
Drug1010,Fexofenadine
Drug1011,Probucol
Drug1012,Cytarabine
Drug1013,Cefditoren
Drug1014,Imidapril
Drug1015,Betaxolol.HCl
Drug1016,Dextrose
Drug1017,Mercaptopurine
Drug1018,Nortriptyline
Drug1019,Peritoneal dialysate
Drug1020,Rosiglitazone 4mg + Glimepiride 4mg
Drug1021,Tadalafil
Drug1022,Amino acids_ incl. combinations with polypeptides
Drug1023,Vecuronium Br
Drug1024,Lidocaine HCl
Drug1025,Carbimazole
Drug1026,Lorazepam
Drug1027,Ciprofloxacin
Drug1028,Acetaminophen
Drug1029,Mazindol
Drug1030,Acetylcysteine
Drug1031,Leuprolide acetate (Leuprorelin acetate)
Drug1032,Vacc. Rotavirus
Drug1033,Netilmicin Sulfate
Drug1034,Aprepitant
Drug1035,Parnaparin Sod
Drug1036,Vitamins + Minerals
Drug1037,Insulin glulisine
Drug1038,Mesterolon
Drug1039,Methoxsalen
Drug1040,Paclitaxel
Drug1041,Thiamine.HCl
Drug1042,BACTERIAL VACCINES
Drug1043,Risedronate
Drug1044,Carbamazepine
Drug1045,Cisplatin
Drug1046,Tuberculin 30TU
Drug1047,Triptorelin acetate
Drug1048,Sildenafil Citrate
Drug1049,Pyridoxine HCl
Drug1050,Solifenacin
Drug1051,Other antineoplastic agents
Drug1052,Glimepiride
Drug1053,Methylergometrine hydrogen maleate
Drug1054,Pilocarpine HCl
Drug1055,Trazodone.HCl
Drug1056,Imatinib mesylate
Drug1057,Sod.nitroprusside
Drug1058,Adapalene
Drug1059,Hepatitis B Immunoglobilin
Drug1060,Immunoglobulin-G(IV)
Drug1061,Ofloxacin
Drug1062,Other antineoplastic agents
Drug1063,BCG strain tice
Drug1064,Theophylline
Drug1065,Levocetirizine
Drug1066,Levodropropizine
Drug1067,Filgrastim (G-CSF)
Drug1068,Sulpyrin
Drug1069,Octreotide
Drug1070,Purified Urokinase
Drug1071,Budesonide 80mcg + Formoterol 4.5mcg
Drug1072,Propylthiouracil
Drug1073,Mitoxantrone.HCl
Drug1074,Erythropoietin-beta recombinant
Drug1075,Aceglutamide Al + Simethicone + Mg.Hydroxide + Al.Hydroxide
Drug1076,Vancomycin HCl
Drug1077,Fluticasone propionate
Drug1078,Carmofur
Drug1079,amoxicillin and enzyme inhibitor
Drug1080,Codeine Phosphate 10mg + Ibuprofen 200mg + Acetminophen 250mg
Drug1081,Cilnidipine
Drug1082,Coagulaion factor VIII
Drug1083,Diomagnate
Drug1084,Pravastatin sod.
Drug1085,Galantamine 
Drug1086,Hydrocortisone
Drug1087,Clomipramine
Drug1088,Albendazole
Drug1089,Bupivacaine HCl
Drug1090,Chlorpromazine HCl
Drug1091,Ibandronate Sod
Drug1092,Metronidazole
Drug1093,Quetiapine
Drug1094,Ofloxacin
Drug1095,Pentazocin.HCl
Drug1096,Alendronate
Drug1097,Naproxen
Drug1098,Oxymetholone
Drug1099,Ebastine
Drug1100,Donepezil
Drug1101,Amoxicillin.3H2O
Drug1102,Lidocaine 
Drug1103,Other drugs used in benign prostatic hypertrophy
Drug1104,Omeprazole
Drug1105,Propofol
Drug1106,Quetiapine
Drug1107,Ropinirole
Drug1108,Quetiapine
Drug1109,Potasium citrate + Citric acid
Drug1110,Insulin glulisine
Drug1111,Diazepam
Drug1112,Ibandronate Sod
Drug1113,Vigabatrin
Drug1114,Caspofungin
Drug1115,Ifosfamide
Drug1116,Albendazole
Drug1117,Cyclosporine
Drug1118,Alfacalcidol
Drug1119,Azithromycin
Drug1120,Fentanyl citrate
Drug1121,Cyclophosphamide
Drug1122,Dobutamine.HCl
Drug1123,Peritoneal dialysate
Drug1124,Bacterial lysate
Drug1125,Famciclovir
Drug1126,Didanosine
Drug1127,Fentanyl citrate
Drug1128,Dapsone
Drug1129,Vinorelbine
Drug1130,Estrogen Conjugated
Drug1131,Pramipexole
Drug1132,Clozapine
Drug1133,Terbutaline sulfate
Drug1134,Elcatonin
Drug1135,BACTERIAL VACCINES
Drug1136,Bambuterol. HCl
Drug1137,Dexpanthenol
Drug1138,Valproate Sodium
Drug1139,Electrolytes for TPN
Drug1140,Ticlopidine HCl 250mg_ Ginkgo biloba ext. 80mg
Drug1141,Cetraxate.HCl
Drug1142,Cyclophosphamide
Drug1143,Liver therapy
Drug1144,Doxorubicin HCl
Drug1145,Progesterone
Drug1146,Tacrolimus
Drug1147,Clobazam
Drug1148,Vacc.Influenza Virus
Drug1149,Mitomycin-C
Drug1150,Rebamipide
Drug1151,Ascorbic acid
Drug1152,Peritoneal dialysate
Drug1153,Methylphenidate HCl
Drug1154,Levocabastine
Drug1155,Vincristine sulfate
Drug1156,Vacc. Varicella Zoster
Drug1157,Peritoneal dialysate
Drug1158,Midazolam
Drug1159,Nemonapride
Drug1160,Thioridazine
Drug1161,Ciprofloxacin
Drug1162,Levosulpiride
Drug1163,Interferon alpha-2b
Drug1164,Lithium carbonate
Drug1165,Fludrocortisone Acetate
Drug1166,Enoxaparin
Drug1167,Escitalopram
Drug1168,Carduus marianus ext.(Silymarin + Silybin)
Drug1169,Hepatitis B Immunoglobulin
Drug1170,Estradiol Valerate + Norgestrel
Drug1171,Estrogen conjugated
Drug1172,Salmeterol 50mcg + Fluticasone propionate 100mcg/puff
Drug1173,Cefprozil
Drug1174,Pelubiprofen
Drug1175,Ephedrine.HCl
Drug1176,Glimepiride + Metformin
Drug1177,Isosorbide Dinitrate
Drug1178,Liver therapy
Drug1179,lidocaine_ combinations
Drug1180,Propofol
Drug1181,Cefdinir
Drug1182,Indomethacin
Drug1183,Deferoxamine mesylate
Drug1184,Alendronate 5mg + Calcitriol 0.5mcg
Drug1185,Medroxyprogesterone acetate
Drug1186,Atomoxetine
Drug1187,Dopamine.HCl
Drug1188,Casmostat mesylate
Drug1189,Fluoxetine
Drug1190,Torasemide
Drug1191,Acrivastine 8mg + Pseudoephedrine 60mg
Drug1192,Growth Hormone (Somatropin)
Drug1193,Arbekacin
Drug1194,Dacarbazine
Drug1195,Cefuroxime Axetile
Drug1196,Ritodrine.HCl
Drug1197,Rho(D) Immune Globuline
Drug1198,Methotrexate
Drug1199,Phentermine
Drug1200,Benzathine penicillin
Drug1201,Interferon alpha-2b
Drug1202,Codeine phosphate+Acetaminophen
Drug1203,Mirtazapine
Drug1204,Spectinomycin
Drug1205,Doxazosin
Drug1206,Bromhexine.HCl
Drug1207,Coagulation factor �� (Eptacog alfa)
Drug1208,Ciprofloxacin
Drug1209,Tadalafil
Drug1210,Isoniazide
Drug1211,Imatinib mesylate
Drug1212,Cefazedone Sod.
Drug1213,Tranexamic acid
Drug1214,Cefotaxime Sodium
Drug1215,DIGESTIVES_ INCL. 
Drug1216,Temozolomide
Drug1217,Propranolol
Drug1218,Vinorelbine
Drug1219,Moexipril
Drug1220,Salcatonin
Drug1221,Anastrozole
Drug1222,Mefenamic acid
Drug1223,L-Carnitine
Drug1224,Fluticasone propionate
Drug1225,Other antineoplastic agents
Drug1226,Tegafur 20mg + Gimeracil 5.8mg + Oteracil K 19.6mg
Drug1227,Ferric Chloride + chondroitin sulfate
Drug1228,Mg.Lactate 470mg + Pyridoxine HCl 5mg
Drug1229,Erythromycin estolate
Drug1230,Estrogen 0.625mg + Medroxyprogesterone Acetate 5mg
Drug1231,L-Ornithine-L-Aspartate
Drug1232,Liver therapy
Drug1233,DIGESTIVES_ INCL. 
Drug1234,Trimethoprim+Sulfamethoxazole
Drug1235,Entecavir
Drug1236,Peritoneal dialysate
Drug1237,Erythromycin Lactobionate+Colistin Sod.Methanesulfonate
Drug1238,Ketoconazole
Drug1239,Metformin HCl + Rosiglitazone maleate
Drug1240,Gliclazide
Drug1241,Lactobacillus acidophilus
Drug1242,Epinephrine
Drug1243,DIGESTIVES_ INCL. 
Drug1244,Muromonab CD3
Drug1245,Zipeprol.HCl
Drug1246,Cerebrolysin concentrate
Drug1247,Atenolol
Drug1248,Erythropoietin-a recombinant
Drug1249,Loxoprofen Sodium
Drug1250,Cytarabine
Drug1251,Labetalol.HCl
Drug1252,Cytomegalovirus Immune globulin
Drug1253,Risperidone
Drug1254,Oxaliplatin
Drug1255,Metformin
Drug1256,Fluoxetine
Drug1257,Clarithromycin
Drug1258,Everolimus
Drug1259,Risperidone
Drug1260,Telmisartan + Hydrochlorothiazide
Drug1261,Filgrastim (G-CSF)
Drug1262,Prazosin HCl
Drug1263,Bisacodyl 5mg+docusate sodium 16.75mg 
Drug1264,Hydrochlorothiazide
Drug1265,Bisoprolol
Drug1266,Baclofen
Drug1267,Finasteride
Drug1268,Prazosin.HCl
Drug1269,Cefotetan Disodium
Drug1270,Levofloxacin
Drug1271,Losartan K 50mg + Hydrochlorothiazide 12.5mg
Drug1272,Ebastine 10mg + pseudoephedrine 120mg
Drug1273,Voriconazole
Drug1274,Cerebrolysin concentrate
Drug1275,Peritoneal dialysate
Drug1276,Tiropramide
Drug1277,Bezafibrate
Drug1278,Metronidazole
Drug1279,Thioridazine
Drug1280,Fluconazole
Drug1281,Imipramine.HCl
Drug1282,Epoetin beta_ Methoxy polyethylene glycol
Drug1283,Isotretinoin
Drug1284,Aprotinin
Drug1285,Tamsulosin
Drug1286,Cetirizine.2HCl
Drug1287,Tofisopam
Drug1288,Dexamethasone
Drug1289,Lidocaine HCl
Drug1290,Granisetron.HCl
Drug1291,Itraconazole
Drug1292,Methylprednisolone sod.succinate
Drug1293,Cefazedone Sodium
Drug1294,Quetiapine
Drug1295,Venlafaxine HCl
Drug1296,Chondroitin Sod. Sulfate
Drug1297,Micafungin
Drug1298,Other antineoplastic agents
Drug1299,Metformin
Drug1300,Acetaminophen
Drug1301,Etizolam
Drug1302,Netilmicin sulfate
Drug1303,Methyldopa
Drug1304,Lactobacillus acidophilus Tyndallized lyophilizate
Drug1305,Clindamycin 
Drug1306,Insulin Human (RI 20% + NPH 80%)
Drug1307,Cefoperazone + Sulbactam
Drug1308,Nicorandil
Drug1309,Calcitriol
Drug1310,Glipizide
Drug1311,Naproxen Sod
Drug1312,Thymosin alpha-1
Drug1313,Cefadroxil monohydrate
Drug1314,Pralidoxime Chloride
Drug1315,Antacids_ other combinations
Drug1316,Bevacizumab
Drug1317,Lamotrigine
Drug1318,Lomustine (CCNU)
Drug1319,Amosulalol
Drug1320,Leuprolide acetate (Leuprorelin acetate)
Drug1321,Tadalafil
Drug1322,Hyaluronate Sodium
Drug1323,Verapamil.HCl
Drug1324,Deflazacort
Drug1325,FSH+LH
Drug1326,Quetiapine
Drug1327,Doxazosin mesylate
Drug1328,Levodopa+Benserazide
Drug1329,Oxycodone HCl
Drug1330,Amikacin sulfate
Drug1331,Vacc.Pneumococcal
Drug1332,Melphalan
Drug1333,Thioridazine
Drug1334,Nitroglycerin
Drug1335,Vinorelbine
Drug1336,Ketamine HCl
Drug1337,Digestive Enzymes
Drug1338,Morphine.HCl
Drug1339,Kremezin Carbon
Drug1340,Mepivacaine HCl
Drug1341,Atorvastatin calcium anhydrous
Drug1342,Mirodenafil HCl
Drug1343,Amisulpride
Drug1344,Leflunomide
Drug1345,Immunoglobulin-G (IM)
Drug1346,Bicalutamide
Drug1347,Goserelin
Drug1348,Ferric Hydroxide Polymaltose Complex
Drug1349,Clindamycin
Drug1350,Montelukast Sodium
Drug1351,Melilotus ext.
Drug1352,Trastuzumab
Drug1353,Ziprasidone
Drug1354,Vacc. Polio virus
Drug1355,Isoproterenol.HCl
Drug1356,Midazolam
Drug1357,Octreotide
Drug1358,Peritoneal dialysate
Drug1359,Levofloxacin
Drug1360,Lamotrigine
Drug1361,Levonorgestrel
Drug1362,Risperidone
Drug1363,Multi Vitamine + Minerals
Drug1364,Palonosetron HCl
Drug1365,Interferon alpha 2a
Drug1366,Granisetron.HCl
Drug1367,Sibutramine
Drug1368,Vacc.Pneumococcal
Drug1369,Coagulation factor VII (Eptacog alfa)
Drug1370,Nitroglycerin
Drug1371,KH2PO4
Drug1372,Vitamin B1_B6_B12
Drug1373,Caspofungin
Drug1374,Indapamide
Drug1375,Pramipexole
Drug1376,Morphine sulfate
Drug1377,L-Asparaginase (Erwina carotovora preparation)
Drug1378,Amino acids
Drug1379,Ibritumomab
Drug1380,Pamidronate Disodium
Drug1381,Clopidogrel
Drug1382,Itraconazole
Drug1383,Cefotiam HCl
Drug1384,Acetaminophen
Drug1385,Amantadine sulfate
Drug1386,MEDICATED DRESSINGS
Drug1387,Tolazoline
Drug1388,Tiropramide HCl
Drug1389,Piperacillin + Tazobactam
Drug1390,Thrombin + Fibrinogen + Aprotinin + Rivoflavin + Collagen
Drug1391,Mesna
Drug1392,Ganirelix
Drug1393,Verapamil.HCl
Drug1394,Isosorbide Mononitrate
Drug1395,Nafarelin Acetate
Drug1396,Fentanyl citrate
Drug1397,Sevoflurane
Drug1398,Multivitamins_ plain
Drug1399,Estradiol Valerate
Drug1400,Theophylline
Drug1401,Orlistat
Drug1402,fluorouracil
Drug1403,Esomeprazole
Drug1404,Glucosamine sulfate
Drug1405,Peritoneal dialysate
Drug1406,Irbesartan
Drug1407,Atorvastatin
Drug1408,Other antineoplastic agents
Drug1409,amoxicillin and enzyme inhibitor
Drug1410,Risedronate
Drug1411,Ciclesonide
Drug1412,Pergolide Mesylate
Drug1413,Trimetazidine.HCl
Drug1414,Montelukast Sod.
Drug1415,Hydroxyzine HCl
Drug1416,Nifuroxazide
Drug1417,Coagulation factor VIII
Drug1418,Doxorubicin.HCl
Drug1419,Primaquine
Drug1420,Budesonide
Drug1421,Ornidazole
Drug1422,Antacids_ other combinations
Drug1423,Doxazosin mesylate
Drug1424,Gonadotropin R. Horm
Drug1425,Caroverine.HCl + Sulpyrin
Drug1426,Aminoacridine undecylenate etc
Drug1427,Thrombin + Fibrinogen + Aprotinin + Rivoflavin + Collagen
Drug1428,Filgrastim (G-CSF)
Drug1429,Oxaliplatin
Drug1430,Tegafur 25mg + Gimeracil 7.25mg + Oteracil K 24.5mg
Drug1431,Antacids_ other combinations
Drug1432,Lactobacillus acidophilus
Drug1433,Morphine Sulfate Inj 5mg
Drug1434,Hydrocortisone succinate Sod.
Drug1435,Oxcarbazepine
Drug1436,Carboplatin
Drug1437,Strep.faecalis + B.mesentericus + C.butyricum
Drug1438,Ropivacaine
Drug1439,Growth Hormone (Somatropin)
Drug1440,�ֿ� 95% ethanol ext
Drug1441,Pentazocin
Drug1442,Ritonavir
Drug1443,Flutrimazole
Drug1444,Acyclovir
Drug1445,Acetyl-L-carnitine
Drug1446,Peritoneal dialysate
Drug1447,(D-)Mannitol+(D-)Sorbitol
Drug1448,Hydromorphone HCl 16.35mg
Drug1449,Rifabutin
Drug1450,Other bacterial vaccines
Drug1451,Vacc.Hepatitis B
Drug1452,Dactinomycin
Drug1453,Quetiapine
Drug1454,Praziquantel
Drug1455,Gabapentin
Drug1456,Cytomegalovirus Immune globulin
Drug1457,Amoxicillin.3H2O
Drug1458,Losartan K 50mg+Amlodipine 5mg
Drug1459,Acetylcysteine
Drug1460,Bromazepam
Drug1461,Furosemide
Drug1462,Progesterone(Micronized)
Drug1463,Calcium Gluconate
Drug1464,Amoxicillin 500mg+Sulbactam 250mg
Drug1465,Sod. bicarbonate
Drug1466,Buflomedil Pyridoxal phosphate
Drug1467,Cyclosporine
Drug1468,amoxicillin and enzyme inhibitor
Drug1469,Aztreonam
Drug1470,Epinephrine
Drug1471,Phenytoin_sod
Drug1472,Aspirin (Enteric coated)
Drug1473,Electrolytes for TPN
Drug1474,Bethanechol Cl
Drug1475,Nabumeton
Drug1476,Pseudoephedrine.HCl
Drug1477,Immunoglobulin-G (IV)
Drug1478,Doxazosin mesylate
Drug1479,Magnesium Valproate
Drug1480,Levofloxacin
Drug1481,Estradiol Valerate + Norgestrel
Drug1482,Paclitaxel
Drug1483,Phenobarbital
Drug1484,Piretanide
Drug1485,Melilotus Ext. + Proxyphylline
Drug1486,Morniflumate
Drug1487,Tizanidine.HCl
Drug1488,Nandrolone decanoate
Drug1489,Other antineoplastic agents
Drug1490,Adalimumab
Drug1491,Dinoprostone
Drug1492,Protirelin tartrate
Drug1493,Risperidone
Drug1494,Peritoneal dialysate
Drug1495,Follitropin(FSH)
Drug1496,Verapamil.HCl
Drug1497,Pimozide
Drug1498,Coagulation factor VIII
Drug1499,Vacc.Rubella
Drug1500,L-Asparaginase
Drug1501,Thymomodulin
Drug1502,Thioctic acid
Drug1503,Estrogen 0.45mg + Medroxyprogesterone 1.5mg
Drug1504,Salmeterol xinafoate
Drug1505,Esomeprazole
Drug1506,Tramadol HCl 18.75mg_ Acetaminophen 162.5mg
Drug1507,Insulin Glargine
Drug1508,Terbutaline sulfate
Drug1509,Other antineoplastic agents
Drug1510,Atovaquone + Proguani
Drug1511,HTK Solution
Drug1512,Estradiol + Cyprotenone
Drug1513,L-Carnitine
Drug1514,Clotiazepam
Drug1515,Quetiapine
Drug1516,Alverine 60mg + Simethicone 300mg
Drug1517,Chlorpromazine.HCl
Drug1518,Dioctahedral smectite
Drug1519,Valsartan + Hydrochlorothiazide
Drug1520,Follitropin(FSH)
Drug1521,Triazolam
Drug1522,Omalizumab
Drug1523,Ropinirole
Drug1524,Molsidomine
Drug1525,Neomycin + Dexamethasone + Polymyxin B
Drug1526,Quetiapine
Drug1527,Dopamine HCl
Drug1528,Nifedipine
Drug1529,Human Immunoglobulin-G
Drug1530,Nicardipine
Drug1531,Other antineoplastic agents
Drug1532,Triprolidine+Pseudoephedrine
Drug1533,Simvastatin
Drug1534,Hyaluronidase
Drug1535,Ibandronate Sod
Drug1536,Lidocaine HCl
Drug1537,Cefoxitin Sodium
Drug1538,Iron hydroxide sucrose complex
Drug1539,Trimebutin maleate
Drug1540,Al(OH)3 1.2g + Mg(OH)2 0.6g
Drug1541,Methylprednisolone
Drug1542,Tenoxicam
Drug1543,Na2HPO4.7H2O + NaH2PO4.H2O
Drug1544,Cefazoline Na
Drug1545,Pantoprazole
Drug1546,Choline alphoscerate
Drug1547,Bepotastine besilate
Drug1548,Lomefloxacin HCl
Drug1549,Clematis mandshurica etc.
Drug1550,Follitropin(FSH)
Drug1551,Ranitidine Bismuth Citrate
Drug1552,Dopamin. HCl
Drug1553,Ipratropium Br
Drug1554,Amphotericin-B
Drug1555,Calcium Carbonate
Drug1556,Ropinirole
Drug1557,Coagulation factor VII_X
Drug1558,Levamisol.HCl
Drug1559,Cyclophosphamide
Drug1560,Sitagliptin
Drug1561,Methylergometrine
Drug1562,Mefloquine
Drug1563,Alginate Sodium
Drug1564,amoxicillin and enzyme inhibitor
Drug1565,Atorvastatin calcium anhydrous
Drug1566,Human Immunoglobulin-G
Drug1567,Afloqualone
Drug1568,Insulin aspart
Drug1569,Dantrolene Sodium
Drug1570,Peritoneal dialysate
Drug1571,Molsidomine
Drug1572,Aripiprazole
Drug1573,Voglibose
Drug1574,Bupropion
Drug1575,Sotalol.HCl
Drug1576,Acetyl-L(-) carnitine.HCl
Drug1577,Primidone
Drug1578,Coagulation factor IX
Drug1579,Lamotrigine
Drug1580,Rabeprazole
Drug1581,Other antineoplastic agents
Drug1582,Bacillus subtilis Etc
Drug1583,Nefazodone HCl
Drug1584,Alcohol Dehydrated
Drug1585,Antithymocyte Immunoglobulin(horse)
Drug1586,Epinephrine
Drug1587,Peritoneal dialysate
Drug1588,Mycophenolate Mofetil
Drug1589,Somatostatin
Drug1590,Hydrocortisone succinate Sod.
Drug1591,Acetylsalicylic acid(Aspirin)
Drug1592,Disodium clodronate
Drug1593,Tolperisone.HCl
Drug1594,Isosorbide Mononitrate
Drug1595,Captopril
Drug1596,Rituximab
Drug1597,Caroverine.HCl
Drug1598,Carboplatin
Drug1599,Dantrolene Sodium
Drug1600,Cisplatin
Drug1601,Levetiracetam
Drug1602,Cyproheptadine.HCl
Drug1603,Cyclosporine
Drug1604,Abacavir
Drug1605,Enteral Nutrition Liquid
Drug1606,Azithromycin
Drug1607,Peritoneal dialysate
Drug1608,Lipase + Protease + Amylase
Drug1609,Amantadine sulfate
Drug1610,Raloxifene HCl
Drug1611,Lercanidipine
Drug1612,Valproate Sodium
Drug1613,Salbutamol sulfate
Drug1614,Venlafaxine HCl
Drug1615,Arbekacin
Drug1616,Methylprednisolone
Drug1617,Venlafaxine HCl
Drug1618,Insulin detemir
Drug1619,Coagulation factor ��
Drug1620,Gemtuzumab ozogamicin
Drug1621,Benztropine Mesylate
Drug1622,Cefuroxime Axetile
Drug1623,Valproate Sodium
Drug1624,Risperidone
Drug1625,Peritoneal dialysate
Drug1626,Metformin
Drug1627,Trimebutin maleate
Drug1628,Ferric hydroxide polymaltose complex
Drug1629,Estriol
Drug1630,Other antineoplastic agents
Drug1631,Ticlopidine.HCl
Drug1632,Mepivacaine HCl
Drug1633,Gemcitabine
Drug1634,Trospium
Drug1635,Cytarabine
Drug1636,Domperidone Maleate
Drug1637,Cefpiramide Sod.
Drug1638,Amiodarone.HCl
Drug1639,Alcohol dehydrated
Drug1640,Bethanechol chloride
Drug1641,Cefotiam.HCI
Drug1642,Haloperidol Decanoate
Drug1643,Streptococcus Pyogenes
Drug1644,Paclitaxel
Drug1645,Riluzole
Drug1646,Peritoneal dialysate
Drug1647,Trientine
Drug1648,Amrinone
Drug1649,Somatostatin
Drug1650,Coagulation factor VII (Eptacog alfa)
Drug1651,Meclizine HCl + Hyoscine HBr
Drug1652,Piroxicam
Drug1653,Ramosetron
Drug1654,Liothyronine
Drug1655,Tibolone
Drug1656,Heparin Sodium
Drug1657,Mebeverine
Drug1658,Nalbuphine HCl
Drug1659,Pipecuronium.HBr
Drug1660,Peritoneal dialysate
Drug1661,Sibutramine
Drug1662,Vacc.Hemophilus influenzae b
Drug1663,Estradiol Hemihydrate 2mg + Norethisterone Acetate 1mg /T
Drug1664,Monobasic Potassium phosphate
Drug1665,Gabapentin
Drug1666,Vacc.Pneumococcal
Drug1667,Piroxicam
Drug1668,Al(OH)3 dried gel 250mg + MgCO3 160mg
Drug1669,Lactobacillus acidophilus
Drug1670,Benidipine
Drug1671,Lidocaine HCl
Drug1672,Clomipramine
Drug1673,Peritoneal Dialysate
Drug1674,Dalteparin
Drug1675,Prednisolone
Drug1676,S-Carboxymethylcysteine
Drug1677,Zolpidem hemitartrate
Drug1678,Cefotiam HCl
Drug1679,Cefoperazone + Sulbactam
Drug1680,Magnesium calcium alumiminosilicate 3g
Drug1681,Other antineoplastic agents
Drug1682,Levodopa+Benserazide
Drug1683,Acetaminophen
Drug1684,Erythromycin estolate
Drug1685,Metolazone
Drug1686,Erythropoietin
Drug1687,Benidipine
Drug1688,Nabumetone
Drug1689,Dactinomycin (Actinomycin-D)
Drug1690,Trimethoprim+Sulfamethoxazole
Drug1691,Losartan K 100mg+ HCTZ 25mg
Drug1692,Nemonapride
Drug1693,Perphenazine HCl
Drug1694,Ketamine.HCl
Drug1695,Fosinopril Sod.
Drug1696,Tramadol HCl
Drug1697,Ceftezole Sod
Drug1698,Triflusal
Drug1699,Nicardipine
Drug1700,Fentanyl citrate
Drug1701,Gallamine triethiodide
Drug1702,Sodium Thiosulfate
Drug1703,Isosorbide Dinitrate
Drug1704,Lorazepam
Drug1705,Methotrexate
Drug1706,Valaciclovir
Drug1707,Liver therapy
Drug1708,Ibudilast
Drug1709,Testosterone Cypionate
Drug1710,Ethinyl estradiol 0.03mg + Gestodene 0.075mg
Drug1711,Remifentanil HCl
Drug1712,Other antineoplastic agents
Drug1713,Terbutaline sulfate
Drug1714,Propafenone.HCl
Drug1715,Fentanyl citrate
Drug1716,Sibutramine mesylate
Drug1717,Montelukast Sodium
Drug1718,Carbamazepine
Drug1719,Other antineoplastic agents
Drug1720,Cimetidine
Drug1721,Agiolax pregranules(Plantaginis semen etc)
Drug1722,Enoxaparin
Drug1723,Indigocarmine
Drug1724,Amphotericin-B
Drug1725,Ropinirole
Drug1726,Fenoverine
Drug1727,Nafcillin Sodium
Drug1728,Mesoglycan
Drug1729,Cefcapene Pivoxil
Drug1730,Other antineoplastic agents
Drug1731,Liver therapy
Drug1732,Methazolamide
Drug1733,Alprostadil + Phentolamine + Papaverine
Drug1734,Etoposide
Drug1735,Nitroglycerin
Drug1736,Atomoxetine
Drug1737,Etizolam
Drug1738,Moclobemide
Drug1739,Propafenone
Drug1740,FSH+LH
Drug1741,Tegafur+Uracil
Drug1742,Methylprednisolone acetate
Drug1743,Carbamazepine
Drug1744,Gliquidone
Drug1745,Peritoneal Dialysate
Drug1746,Itraconazole
Drug1747,Trospium
Drug1748,Oxytetracycline
Drug1749,Ticarcillin Na + Clavulanate K
Drug1750,Alprostadil(PGE1)
Drug1751,Calcium
Drug1752,Acetaminophen
Drug1753,FSH+LH
Drug1754,Felodipine
Drug1755,Levobupivacaine
Drug1756,Acetylsalicylic acid(Aspirin)
Drug1757,Cefaclor
Drug1758,Dihydrocodein+Methyephedrine etc
Drug1759,Labetalol.HCl
Drug1760,Idarubicin.HCl
Drug1761,Acebrophylline
Drug1762,Carbimazole
Drug1763,Methotrexate
Drug1764,Sevelamer HCl
Drug1765,Rivastigmine
Drug1766,Valproate Sodium
Drug1767,Budesonide 160mcg + Formoterol 4.5mcg
Drug1768,Interferon alpha-2a
Drug1769,Rofecoxib
Drug1770,Leucovorin Calcium
Drug1771,Liver therapy
Drug1772,Tramadol.HCl
Drug1773,Cefpodoxime proxetil
Drug1774,Suxamethonium chloride
Drug1775,Thrombin + Fibrinogen + Aprotinin + Rivoflavin + Collagen
Drug1776,Gemifloxacin
Drug1777,Clomipramine
Drug1778,Metformin
Drug1779,Tiotropium
Drug1780,Linezolid
Drug1781,Ceftizoxime
Drug1782,Doxifluridine
Drug1783,Moxifloxacin
Drug1784,Peritoneal dialysate
Drug1785,Methylphenidate HCl
Drug1786,Lafutidine
Drug1787,Fentanyl citrate
Drug1788,Vitamine multiple
Drug1789,Prazosin.HCl
Drug1790,Interferon beta-1b
Drug1791,Nystatin (100_000U/ml)
Drug1792,Trypsin + Ribonuclease + Chymotrypsinogen
Drug1793,Sevelamer HCl
Drug1794,Olanzapine
Drug1795,Peritoneal dialysate
Drug1796,Sulpiride
Drug1797,Dihydroergocristine mesylate
Drug1798,UDCA + CDCA
Drug1799,Polystyrene sulfonate Ca.
Drug1800,Chlorpromazine HCl
Drug1801,Antacids_ other combinations
Drug1802,Nifedipine
Drug1803,Iron protein succinylate
Drug1804,Fenofibrate
Drug1805,Omeprazole
Drug1806,Ulinastatin
Drug1807,Amoxicillin.3H2O
Drug1808,Acetazolamide
Drug1809,Povidone Iodine
Drug1810,Lisinopril
Drug1811,Phenylephrine HCl
Drug1812,Octreotide
Drug1813,Fluconazole
Drug1814,Alprazolam
Drug1815,Fluvastatin
Drug1816,Medroxyprogesterone acetate
Drug1817,Peritoneal dialysate
Drug1818,Atropine Sulfate
Drug1819,Ginkgo biloba Ext.
Drug1820,Colistimethate Sod.
Drug1821,Simethicone
Drug1822,Vacc. Antivenin(Snake Venom Antisera)
Drug1823,Nalbuphine HCl
Drug1824,Ranibizumab
Drug1825,Temozolomide
Drug1826,Piperacillin + Tazobactam
Drug1827,Procainamide.HCl
Drug1828,Peritoneal dialysate
Drug1829,Cilostazol
Drug1830,Daclizumab
Drug1831,Estradiol Hemihydrate
Drug1832,Vaccinium myrtillus Ex.
Drug1833,Chlorpromazine HCl
Drug1834,Lung Surfactant
Drug1835,Hydrocortisone sod.succinate
Drug1836,Ropivacaine
Drug1837,Leuprolide acetate (Leuprorelin acetate)
Drug1838,Methylergometrine maleate
Drug1839,Papaverine.HCl
Drug1840,Hydrocortisone.Na succinate
Drug1841,Calcium Citrate
Drug1842,Lactitol monohydrate
Drug1843,Rofecoxib
Drug1844,Tramadol.HCl
Drug1845,Budesonide
Drug1846,Didanosine
Drug1847,Clevudine
Drug1848,Al(OH)3 + Mg(OH)2 + Simethicone
Drug1849,Ibuprofen
Drug1850,Amoxicillin
Drug1851,Quetiapine
Drug1852,Procarbazine
Drug1853,Hydrocodone 7.5mg+Acetaminophen 500mg
Drug1854,Cefdinir
Drug1855,Flurazepam.HCl
Drug1856,Cefotiam Hexetile
Drug1857,Chorionic gonadotrophin alpha
Drug1858,Alprazolam
Drug1859,Ciclopiroxolamine
Drug1860,Amoxicillin
Drug1861,Droperidol
Drug1862,Imiglucerase
Drug1863,Indobufen
Drug1864,Medroxyprogesterone acetate
Drug1865,Cefpodoxime proxetil
Drug1866,Alprazolam
Drug1867,Mesalazine
Drug1868,Docetaxel
Drug1869,Dyhydrogesterone
Drug1870,Peritoneal dialysate
Drug1871,Argatroban
Drug1872,Clobazam
Drug1873,Thiotepa
Drug1874,Pemirolast
Drug1875,amoxicillin and enzyme inhibitor
Drug1876,Agalsidase beta
Drug1877,Loracarbef
Drug1878,Ramipril
Drug1879,Erdosteine
Drug1880,Celiprolol
Drug1881,GM-CSF
Drug1882,Clopidogrel resinate
Drug1883,Ritodrine HCl
Drug1884,Papaverine.HCl
Drug1885,Insulin Human (NPH)
Drug1886,Granisetron
Drug1887,Acetaminophen
Drug1888,Alprostadil
Drug1889,Dalteparin
Drug1890,Thioridazine.HCl
Drug1891,Risperidone
Drug1892,Digestive Enzymes
Drug1893,Topiramate
Drug1894,Topiramate
Drug1895,Acyclovir
Drug1896,Antacids_ other combinations
Drug1897,Clenbuterol HCl
Drug1898,Alfuzosin
Drug1899,Imidapril
Drug1900,Doxycycline.H2O
Drug1901,Zoledronic acid
Drug1902,Clindamycin
Drug1903,Mecobalamin
Drug1904,Povidone Iodine
Drug1905,Eperisone HCl
Drug1906,Sod.Chloride 0.9%
Drug1907,Chlorhexidine gluconate
Drug1908,Testosterone Propionate
Drug1909,Cefixime
Drug1910,Ceftazidime
Drug1911,Itraconazole
Drug1912,Risperidone
Drug1913,Haloperidol
Drug1914,Alprostadil + Phentolamine + Papaverine
Drug1915,Levetiracetam
Drug1916,sodium selenite
Drug1917,Pheniramine maleate
Drug1918,Efavirenz
Drug1919,Omeprazole
Drug1920,Distilled Water
Drug1921,Lopinavir + Ritonavir
Drug1922,Dimenhydrinate
Drug1923,Coagulation factor ��
Drug1924,Mirtazapine
Drug1925,Nifedipine
Drug1926,Carvedilol
Drug1927,Indomethacin
Drug1928,Pergolide Mesylate
Drug1929,Ciprofloxacin
Drug1930,Tripot.dicitrato bismuthate
Drug1931,Lung surfactant preparations
Drug1932,Methotrexate
Drug1933,Ulinastatin
Drug1934,Oxcarbazepine
Drug1935,Leucovorin Calcium
Drug1936,Nimodipine
Drug1937,Triptorelin acetate
Drug1938,Other antineoplastic agents
Drug1939,Phytonadione(Vit.K1)
Drug1940,Losartan K
Drug1941,Etomidate
Drug1942,Nimodipine
Drug1943,Fluvastatin
Drug1944,Cefonicid Sod.
Drug1945,Valproate Sodium
Drug1946,Risedronate
Drug1947,Valproate Sodium
Drug1948,Trimethoprim + Sulfamethoxazole (160+800mg/10ml)
Drug1949,Risperidone
Drug1950,Amitriptyline
Drug1951,Enteral Nutrition Liquid
Drug1952,Midazolam
Drug1953,Etretinate
Drug1954,Human chorionic gonadotropin
Drug1955,lidocaine_ combinations
Drug1956,Didanosine
Drug1957,Clindamycin 
Drug1958,Vacc.Antivenin (Snake Venom Antisera)
Drug1959,DIGESTIVES_ INCL. 
Drug1960,Tolterodine
Drug1961,Alprostadil (PGE1)
Drug1962,Prothionamide
Drug1963,Flomoxef sod.
Drug1964,Moxifloxacin
Drug1965,Enviomycin sulfate
Drug1966,Doxycycline.HCl
Drug1967,Epirubucin HCl
Drug1968,Dimenhydrinate
Drug1969,Warfarin Sod
Drug1970,Sucralfate
Drug1971,Inosiplex
Drug1972,Dutasteride
Drug1973,Peritoneal dialysate
Drug1974,Other antineoplastic agents
Drug1975,Indapamide
Drug1976,Insulin Human (NPH)
Drug1977,Ibuprofen
Drug1978,Erythropoietin-��recombinant
Drug1979,Pot.Chloride(8mEq)
Drug1980,Epirubucin HCl
Drug1981,Oxiracetam
Drug1982,Naltrexone
Drug1983,Salcatonin
Drug1984,Barnidipine HCl
Drug1985,DIGESTIVES_ INCL. 
Drug1986,Antithrombin ��
Drug1987,Pramipexole
Drug1988,Remifentanil HCl
Drug1989,Ondansetron
Drug1990,Dexamethasone
Drug1991,Ipratropium + Salbutamol
Drug1992,Proteolytic enzymes
Drug1993,Cyproterone
Drug1994,Hydroxyzine.2HCl
Drug1995,Vardenafil
Drug1996,Glimepiride
Drug1997,Liver therapy
Drug1998,Dioctahedral smectite
Drug1999,Indomethacin Sodium
Drug2000,Calcium Disodium Edetate
Drug2001,Bambuterol.HCl
Drug2002,Levocetizine
Drug2003,Erythropoietin-a recombinant
Drug2004,Azathioprine
Drug2005,Spectinomycin
Drug2006,Streptokinase+Streptodornase
Drug2007,Peritoneal dialysate
Drug2008,Piroxicam
Drug2009,Mefenamic acid
Drug2010,Etanercept
Drug2011,Coagulation factor VIII
Drug2012,Acetaminophen
Drug2013,Mosapride
Drug2014,p-Aminosalicylic acid
Drug2015,Mesna
Drug2016,Arginine thiazolidine carboxylate
Drug2017,Decitabine
Drug2018,��-linolenic acid 40mg
Drug2019,Itraconazole
Drug2020,Loperamide
Drug2021,Cefmenoxime HCl
Drug2022,Nifedipine
Drug2023,Tamoxifen Citrate
Drug2024,Ipratropium Br
Drug2025,Minoxidil
Drug2026,Lercanidipine
Drug2027,Nystatin (500_000 Unit)
Drug2028,Alprostadil (Lipo PGE1)
Drug2029,Metformin
Drug2030,Cefteram Pivoxil
Drug2031,Ibuprofen
Drug2032,S-Amlodipine Nicotinate
Drug2033,Ibuprofen
Drug2034,Salmeterol 50mcg + Fluticasone propionate 250mcg/puff
Drug2035,Mitiglinide
Drug2036,Alprostadil
Drug2037,Melphalan
Drug2038,Ceftazidime.5H2O
Drug2039,Ubidecarenone
Drug2040,Dantrolene Sodium
Drug2041,Norephinephrine Bitartrate
Drug2042,Megestrol
Drug2043,Streptococcus faecium+Bacillus subtilis
Drug2044,Topotecan
Drug2045,Lidocaine HCl
Drug2046,Polystyrene sulfonate. Ca
Drug2047,Vacc. Japanese Encephalitis
Drug2048,Barnidipine HCl
Drug2049,Lidocaine HCI
Drug2050,Ramipril
Drug2051,Insulin Lispro
Drug2052,Clobetasol
Drug2053,Valproate Sodium
Drug2054,FSH(Urofollitrophin)
Drug2055,Al(OH)3 + Mg(OH)2 + Simethicone
Drug2056,Astromicin Sulfate
Drug2057,Acetylcysteine
Drug2058,Ganciclovir
Drug2059,Liver therapy
Drug2060,Potassium Citrate + Citric acid
Drug2061,Dextrose
Drug2062,Peritoneal dialysate
Drug2063,Cobamamide (Vit.B12)
Drug2064,Captopril
Drug2065,Rifampicin
Drug2066,Neostigmine methylsulfate
Drug2067,Nitroglycerin
Drug2068,Thiocolchicoside
Drug2069,Tramadol.HCl
Drug2070,Tetracycline.HCl
Drug2071,Leucovorin Calcium
Drug2072,Immunocyanin
Drug2073,Erythromycin Lactobinate+Colistin Sod.Methanesulfonate
Drug2074,Chlorpromazine HCl
Drug2075,Doxifluridine
Drug2076,Calcium Lactate+Vit.D
Drug2077,Cefotaxime.Na
Drug2078,Risedronate
Drug2079,Cytarabine
Drug2080,Pemoline
Drug2081,Metformin
Drug2082,Memantine HCl
Drug2083,Pentobarbital sod.
Drug2084,Nateglinide
Drug2085,Naratriptan
Drug2086,Gabapentin
Drug2087,Lopinavir + Ritonavir
Drug2088,Revaprazan
Drug2089,Sildenafil Citrate
Drug2090,Calcium gluconate
Drug2091,Balofloxacin
Drug2092,Nimustine.HCl
Drug2093,Insulin Human (NPH)
Drug2094,PEG3350
Drug2095,Flutamide
Drug2096,Al(OH)3 + Mg(OH)2 + Simethicone
Drug2097,Ciprofloxacin + Hydrocortisone
Drug2098,Clindamycin
Drug2099,Ipriflavone
Drug2100,Doxycycline hyclate
Drug2101,Ginkgo biloba Ext.
Drug2102,Ciprofloxacin
Drug2103,Hexoprenaline sulfate
Drug2104,Letrozole
Drug2105,Sirolimus
Drug2106,Diazepam
Drug2107,Tranexamic acid
Drug2108,Oxycodone HCl
Drug2109,Chlormezanone
Drug2110,Acarbose
Drug2111,Capecitabine
Drug2112,Other drugs used in benign prostatic hypertrophy
Drug2113,Propranolol
Drug2114,Erythropoietin
Drug2115,Nimodipine
Drug2116,Metoprolol tartrate
Drug2117,Irinotecan
Drug2118,Heptaplatin
Drug2119,Follitropin-��
Drug2120,Verapamil.HCl
Drug2121,Thioridazine
Drug2122,Antithymocyte Immunoglobulin(Rabbit)
Drug2123,Gemcitabine
Drug2124,Iron Acetyltransferrine
Drug2125,Codeine Phosphate 10mg + Ibuprofen 200mg + Acetminophen 250mg
Drug2126,Caroverine.HCl
Drug2127,Gentamicin sulfate
Drug2128,Immunoglobulin-G(IV)
Drug2129,Coagulation factor ��
Drug2130,Dopamine.HCl
Drug2131,Vancomycin HCl(PO)
Drug2132,Povidone Iodine
Drug2133,Thioridazine.HCl
Drug2134,Gatifloxacin
Drug2135,Selegiline.HCl
Drug2136,Theophylline
Drug2137,Dexamethasone.2Na phosphate
Drug2138,Diltiazem.HCl
Drug2139,Tiaprofenic Acid
Drug2140,Sulpyrin
Drug2141,��-linolenic acid
Drug2142,Linezolid
Drug2143,Dichloralphenazone+acetaminophen+Isometheptene
Drug2144,Oseltamivir
Drug2145,Amikacin sulfate
Drug2146,Nizatidine
Drug2147,Ezetimibe
Drug2148,Lactobacillus etc.
Drug2149,Tobramycin sulfate
Drug2150,Morphine sulfate
Drug2151,Alprazolam
Drug2152,Pregabalin
Drug2153,Vacc. Polio Virus
Drug2154,Dihydroergocristine mesylate
Drug2155,Valproic acid
Drug2156,Deferasirox
Drug2157,Dipyridamole
Drug2158,Amobarbital sod.
Drug2159,Lamivudine 150mg + Zidovudine 300mg
Drug2160,Nifedipine
Drug2161,Vinorelbine Ditartrate
Drug2162,Lenograstim
Drug2163,Metoclopramide.HCl
Drug2164,Amoxicillin 1000mg+Sulbactam 500mg
Drug2165,Butorphanol tartrate
Drug2166,Cytarabine
Drug2167,Somatostatin
Drug2168,Vacc. Influenza Virus
Drug2169,Desmopressin Acetate
Drug2170,Dihydrocodeine tartrate
Drug2171,Levonorgestrel
Drug2172,Pinaverium bromide
Drug2173,Atosiban
Drug2174,Ethinyl Estradiol 0.02mg+Drospirenone 3mg
Drug2175,Trimethoprim 80mg+Sulfamethoxazole 400mg /5ml/A
Drug2176,Irinotecan
Drug2177,Sulindac
Drug2178,Digoxin
Drug2179,Eperisone.HCl
Drug2180,amoxicillin and enzyme inhibitor
Drug2181,Acipimox
Drug2182,Atorvastatin calcium anhydrous
Drug2183,Insulin Human (RI 30% + NPH 70%)
Drug2184,Ergoloid mesylate
Drug2185,Netilmicin Sulfate
Drug2186,Roxithromycin
Drug2187,Chlorpromazine.HCl
Drug2188,Levodopa+Benserazide
Drug2189,Pranlukast Hydrate
Drug2190,Propofol
Drug2191,Everolimus
Drug2192,PEG 3350 etc
Drug2193,Hydroxyzine.2HCl
Drug2194,Abciximab
Drug2195,Ubidecarenone
Drug2196,Ginkgo biloba Ext.
Drug2197,Bosentan
Drug2198,Fluconazole
Drug2199,Estradiol 2mg + Norethisterone 1mg
Drug2200,Agiolax pregranules(Plantaginis semen etc)
Drug2201,Carboplatin
Drug2202,Heparin Sodium
Drug2203,Nifedipine
Drug2204,Zipeprol.2HCl
Drug2205,Mesalazine
Drug2206,Taurolidine
Drug2207,GM-CSF
Drug2208,Formoterol fumarate
Drug2209,Vaccine  B.C.G
Drug2210,Abciximab
Drug2211,Dexamethasone
Drug2212,Cimetropium Bromide
Drug2213,Telmisartan + Hydrochlorothiazide
Drug2214,RhoGAM
Drug2215,Estrodiol Hemihydrate
Drug2216,Diltiazem
Drug2217,Antacids_ other combinations
Drug2218,Epinephrine
Drug2219,Thioridazine
Drug2220,Calcium Polycarbophil
Drug2221,Azithromycin dihydrate
Drug2222,Doxazosin mesylate
Drug2223,Acyclovir
Drug2224,Pneumococcal Vacc
Drug2225,Bromelain + Crystallized Trypsin
Drug2226,Purified Urokinase
Drug2227,Ertapenem Na
Drug2228,Vacc. Polio virus
Drug2229,Salbutamol
Drug2230,Ephedrine.HCl
Drug2231,Thymopentin
Drug2232,Pot.Chloride
Drug2233,Nicergoline
Drug2234,Sulpiride
Drug2235,Povidone Iodine
Drug2236,Pamidronate Disodium
Drug2237,Diclofenac beta-dimethylaminoethanol
Drug2238,Estradiol + Norethisterone
Drug2239,Peritoneal dialysate
Drug2240,Other antineoplastic agents
Drug2241,Sofalcone
Drug2242,Celecoxib
Drug2243,Tirofiban
Drug2244,Procainamide.HCl
Drug2245,Serratiopeptidase
Drug2246,hydroquinone+Tretinoin+Fluocinolone acetonide
Drug2247,Ziprasidone
Drug2248,Moexipril
Drug2249,Nafamostat
Drug2250,Cicloxilic acid
Drug2251,Trimethoprim 80mg+Sulfamethoxazole 400mg
Drug2252,Peritoneal dialysate
Drug2253,Deferasirox
Drug2254,Isepamicin sulfate
Drug2255,Chymopapain
Drug2256,Cimetropium Bromide
Drug2257,Medroxyprogesterone acetate
Drug2258,Fluoxetine
Drug2259,Botulinum toxin type B
Drug2260,Insulin Human
Drug2261,Hyoscin
Drug2262,Perindopril
Drug2263,Clarithromycin
Drug2264,Everolimus
Drug2265,Peritoneal dialysate
Drug2266,Ramipril
Drug2267,Rosuvastatin Ca
Drug2268,Fosinopril Sod.
Drug2269,Phenobarbital
Drug2270,Chloramphenicol
Drug2271,Lamivudine
Drug2272,Letosteine
Drug2273,Benztropine Mesylate
Drug2274,Terazosin HCl
Drug2275,Cefminox  sodium
Drug2276,Cefprozil
Drug2277,Flavonoids micronised
Drug2278,Rosiglitazone
Drug2279,Vincristine sulfate
Drug2280,Erythropoietin-��recombinant
Drug2281,Atomoxetine
Drug2282,Triamcinolone acetonide
Drug2283,Cefotaxime
Drug2284,Chlorambucil
Drug2285,Pranlukast Hydrate
Drug2286,Dalteparin
Drug2287,Desmopressin Acetate
Drug2288,Amlodipine + Atorvastatin
Drug2289,Protamine
Drug2290,Trihexyphenidyl
Drug2291,Amlodipine camsylate
Drug2292,Liver therapy
Drug2293,Ascorbate calcium
Drug2294,Carmustine
Drug2295,Erythropoietin
Drug2296,Doxorubicin HCl
Drug2297,Ceftriaxone.Na
Drug2298,Tacrolimus
Drug2299,FSH(Urofollitrophin)
Drug2300,Ibuprofen
Drug2301,Paricalcitol
Drug2302,Beraprost Sodium
Drug2303,Alendronate
Drug2304,Famotidine
Drug2305,D-Penicillamine
Drug2306,Buspirone.HCl
Drug2307,Other antineoplastic agents
Drug2308,Tetracosactrin
Drug2309,Clarithromycin
Drug2310,Protirelin tartrate
Drug2311,Megestrol acetate
Drug2312,Atorvastatin calcium anhydrous
Drug2313,Fexofenadine
Drug2314,Adefovir
Drug2315,Imiglucerase
Drug2316,Atracrium besylate
Drug2317,Sulodexide
Drug2318,Rifampicin
Drug2319,Enoxaparin
Drug2320,Clindamycin + Benzoyl Peroxide
Drug2321,Progesterone (Micronized)
Drug2322,Carboplatin
Drug2323,Valproate Sodium
Drug2324,Entacapone
Drug2325,Amiodarone.HCl
Drug2326,Insulin lispro + Insulin lispro protamine
Drug2327,Acyclovir
Drug2328,Cetirizine.2HCl
Drug2329,S-Carboxymethylcysteine
Drug2330,Testosterone Enanthate
Drug2331,Norephinephrine Bitartrate
Drug2332,Desensitizing Vaccine
Drug2333,Enteral Nutrition Liquid
Drug2334,Piperacillin sod.
Drug2335,Atazanavir sulfate
Drug2336,Epinephrine.HCl
Drug2337,Oxcarbazepine
Drug2338,Pimozide
Drug2339,Tegafur(Futraful)
Drug2340,Ergotamine Tartrate
Drug2341,Ramosetron
Drug2342,Azelastine
Drug2343,Almagate
Drug2344,Insulin Human (NPH)
Drug2345,Udenafil
Drug2346,��-Aminomethyl benzoic acid
Drug2347,Clevudine
Drug2348,Carbamazepine
Drug2349,Eprosartan
Drug2350,Magnesium Oxide
Drug2351,Botulinum toxin type A
Drug2352,Sertraline.HCl
Drug2353,Sod.bicarbonate
Drug2354,Acamprosate
Drug2355,Ranitidine HCl
Drug2356,amoxicillin and enzyme inhibitor
Drug2357,Donepezil
Drug2358,Venlafaxine HCl
Drug2359,Chloral hydrate
Drug2360,Ondansetron
Drug2361,Lacidipine
Drug2362,Milrinone
Drug2363,Imipenem + Cilastatin Sod.
Drug2364,Bevantolol HCl
Drug2365,Mycophenolate Sod
Drug2366,Saccharomyces cerevisiae Hansen CBS 5926
Drug2367,Suxamethonium chloride
Drug2368,Adenosine triphosphate
Drug2369,Peritoneal dialysate
Drug2370,Benzydamine
Drug2371,Insulin Glargine
Drug2372,Erdosteine
Drug2373,Indocyanine Green
Drug2374,Methylcysteine.HCl
Drug2375,Vardenafil
Drug2376,Aspirin-Micrograins
Drug2377,Pentolamine
Drug2378,Acyclovir
Drug2379,Amlodipine besylate
Drug2380,Erythropoietin-beta recombinant
Drug2381,Altretamine
Drug2382,Gemcitabine
Drug2383,Ascorbic acid
Drug2384,Triamcinolone acetonide
Drug2385,Elcatonin
Drug2386,Vacc.Hapatitis B
Drug2387,Estradiol Hemihydrate 1.03mg + Norethisterone Acetate 0.5mg /T
Drug2388,Teicoplanin
Drug2389,Penicillin-G Potassium
Drug2390,Cilnidipine
Drug2391,Chromocarb diethylamine
Drug2392,Tiotropium
Drug2393,Budesonide 160mcg + Formoterol 4.5mcg
Drug2394,Gemcitabine
Drug2395,Thiopental Sod
Drug2396,Immunoglobulin-G (IV)
Drug2397,Medroxyprogesterone acetate
Drug2398,Lentinan
Drug2399,Morphine Sulfate
Drug2400,Pemetrexed
Drug2401,Amitriptyline
Drug2402,Human chorionic gonadotropin (HCG)
Drug2403,Flubiprofen
Drug2404,Vecuronium bromide
Drug2405,Rho(D) Immune globulin
Drug2406,Other antineoplastic agents
Drug2407,Olanzapine
Drug2408,Lomustine (CCNU)
Drug2409,Ceftizoxime sod.
Drug2410,Vit.B comp.
Drug2411,Tacrine.HCl
Drug2412,Other antineoplastic agents
Drug2413,Estradiol cypionate
Drug2414,Vildagliptin
Drug2415,Dacarbazine
Drug2416,Omeprazole
Drug2417,Propofol
Drug2418,Other antineoplastic agents
Drug2419,Mirtazapine
Drug2420,Phenytoin_sod
Drug2421,Vacc.Pneumococcal
Drug2422,Vancomycin HCl
Drug2423,Nicametate citrate
Drug2424,Tacrine.HCl
Drug2425,Nifedipine
Drug2426,Testosterone Undecanoate
Drug2427,Vacc.Hepatitis B
Drug2428,Isoflurane
Drug2429,Leucovorin Calcium
Drug2430,Tolterodine 1-tartrate
Drug2431,Quetiapine
Drug2432,Bethanechol chloride
Drug2433,Metformin HCl + Rosiglitazone maleate
Drug2434,Disopyramide phos.
Drug2435,Megestrol acetate
Drug2436,Aceclofenac
Drug2437,S-Carboxymethylcysteine + Sobrerol
Drug2438,Lepirudin
Drug2439,Naloxone.HCl
Drug2440,Neomycin + Dexamethasone + Polymyxin B
Drug2441,Multivitamins_ plain
Drug2442,Enoxaparin
Drug2443,Cetuximab
Drug2444,Aripiprazole
Drug2445,Interferon alpha-2a
Drug2446,Methylphenidate HCl
Drug2447,r-TPA
Drug2448,Astemizole
Drug2449,Infliximab
Drug2450,Methotrexate
Drug2451,Stavudine
Drug2452,Bacampicillin
Drug2453,Adalimumab
Drug2454,Rosuvastatin Ca
Drug2455,Dalteparin
Drug2456,Na2HPO4.7H2O + NaH2PO4.H2O
Drug2457,Guaiazulene etc
Drug2458,Balsalazide
Drug2459,Zolpiderm
Drug2460,Aspirin
Drug2461,Ceftizoxime Sod
Drug2462,Galantamine
Drug2463,Hydroxychloroquine sulfate
Drug2464,Histamine + Immunoglobulin G
Drug2465,Indocyanine Green
Drug2466,Pyridostigmine bromide
Drug2467,Potassium Citrate + Citric acid
Drug2468,Imipenem + Cilastatin Sod.
Drug2469,Cyclosporine
Drug2470,Cefpiramide Sodium
Drug2471,Acitretin
Drug2472,Propranolol
Drug2473,Other antineoplastic agents
Drug2474,Cyclosporine
Drug2475,Peritoneal dialysate
Drug2476,Vitamine multiple
Drug2477,Morphine sulfate 
Drug2478,Indeloxazine.HCl
Drug2479,Chloramphenicol
Drug2480,Ondansetron
Drug2481,Dextrose
Drug2482,Efonidipine
Drug2483,Trimebutine+CaCO3+Biodiastase+Scopolamin Ext.+Lipase+Glycyrrhizae+NaHCO3+Al-Mg.silicate
Drug2484,Atomoxetine
Drug2485,Digestive Enzymes
Drug2486,Dolasetron mesylate
Drug2487,Sod. Tetradecyl sulfate
Drug2488,Tosufloxacin tosilate
Drug2489,Ranitidine 75mg+Bismuth subcitrate 100mg+Sucralfate 300mg
Drug2490,Osagrel Sod
Drug2491,Lenograstim
Drug2492,Psyllium Husk
Drug2493,Procaterol.HCl
Drug2494,Sildenafil Citrate
Drug2495,Sofalcone
Drug2496,Medroxyprogesterone acetate
Drug2497,Erythropoietin-��recombinant
Drug2498,Ranitidine.HCl
Drug2499,Peritoneal dialysate
Drug2500,Lamotrigine
Drug2501,Ketorolac Tromethamine
Drug2502,Guar Gum
Drug2503,Chloramphenicol
Drug2504,Darbepoetin-��
Drug2505,Cefazedone Sodium
Drug2506,Interferon alpha 2a
Drug2507,Levofloxacin
Drug2508,Pioglitazone
Drug2509,Gabapentin
Drug2510,Cisapride
Drug2511,Atazanavir sulfate
Drug2512,Gestodene + Ethinyl estradiol
Drug2513,Acetaminophen
Drug2514,Vinorelbine
Drug2515,Interferon alpha-2b
Drug2516,Ketotifen Hydrogen fumarate
Drug2517,Rabeprazole
Drug2518,Ginkgo biloba ext.
Drug2519,Alfentanil
Drug2520,Netilmicin sulfate
Drug2521,Atorvastatin
Drug2522,Methotrexate
Drug2523,Piperacillin + Tazobactam
Drug2524,Olmesartan Medoxomil
Drug2525,Magnesium Oxide
Drug2526,Bupivacaine.HCl
Drug2527,IgM enriched human immunoglobulin
Drug2528,Aminophylline
Drug2529,Glimepiride + Metformin
Drug2530,Tobramycin
Drug2531,Diclofenac beta-dimethylaminoethanol
Drug2532,UDCA 114mg+CDCA 114mg+Mg trihydrate 22mg
Drug2533,Amisulpride
Drug2534,Epirubicin.HCl
Drug2535,Alprazolam
Drug2536,Levofloxacin
Drug2537,Oxybutynin chloride
Drug2538,Pancuronium bromide
Drug2539,lidocaine_ combinations
Drug2540,Monoammonium glycyrrhizinate + Glycine + l-cystein
Drug2541,Primaquine
Drug2542,Sulpyrin
Drug2543,Tacrolimus
Drug2544,Follitropin(FSH)
Drug2545,DRUGS FOR TREATMENT OF BONE DISEASES
Drug2546,Valganciclovir
Drug2547,Ziprasidone
Drug2548,Piperacillin sod.
Drug2549,Risperidone
Drug2550,Famotidine
Drug2551,Topiramate
Drug2552,Efavirenz
Drug2553,Talniflumate
Drug2554,Thenothiola sod.
Drug2555,Vacc. Polio Virus
Drug2556,Nelfinavir
Drug2557,Calcium Carbonate 1.5g + Cholecalciferol 400IU
Drug2558,Bromocriptine mesylate
Drug2559,Doxorubicin.HCl
Drug2560,Methocarbamol+Aspirin
Drug2561,Interferon alpha-2b
Drug2562,Vacc. D.T.
Drug2563,Morphine sulfate
Drug2564,fluorouracil
Drug2565,Mirtazapine
Drug2566,Electrolytes
Drug2567,Levodopa+Carbidopa
Drug2568,Clenbuterol HCl
Drug2569,Nifedipine
Drug2570,Progesterone (Micronized)
Drug2571,Amitriptyline.HCl
Drug2572,lidocaine_ combinations
Drug2573,Other antineoplastic agents
Drug2574,Azathioprine
Drug2575,Lenograstim
Drug2576,Leucovorin Calcium
Drug2577,Irbesartan
Drug2578,Erlotinib
Drug2579,Clarithromycin
Drug2580,Other antineoplastic agents
Drug2581,Salbutamol sulfate
Drug2582,Metoclopramide.HCl
Drug2583,Riboflavin tetrabutylate
Drug2584,Flumazenil
Drug2585,Doxorubicin HCl
Drug2586,Lanreotide
Drug2587,Ranitidine.HCl
Drug2588,BCG Strain Connaught
Drug2589,Leuprolide acetate (Leuprorelin acetate)
Drug2590,Lansoprazole
Drug2591,Somatropin
Drug2592,Oxaliplatin
Drug2593,Methylphenidate HCl
Drug2594,Laronidase
Drug2595,Thrombin+CaCl2+Gelatin
Drug2596,Solifenacin
Drug2597,Erythropoietin-a recombinant
Drug2598,Ciprofloxacin
Drug2599,Porfimer Sod
Drug2600,Streptococcus Pyogenes
Drug2601,Estradiol Valerate
Drug2602,Domperidone
Drug2603,Cyclosporine
Drug2604,Cyclosporine
Drug2605,Bisoprolol
Drug2606,Bromperidol
Drug2607,Meloxicam
Drug2608,Bromhexine
Drug2609,Other antineoplastic agents
Drug2610,Ropinirole
Drug2611,Ursodesoxycholic acid
Drug2612,Hydralazine.HCl
Drug2613,Dihydrocodeine tartrate
Drug2614,Multivitamins_ plain
Drug2615,Cilazapril
Drug2616,Guaifenesin
Drug2617,Pentoxifylline
Drug2618,Naloxone HCl
Drug2619,Rosiglitazone
Drug2620,Nitroglycerin
Drug2621,Mizoribine
Drug2622,Chlorpheniramine maleate + Phenylephrine hydrochloride
Drug2623,Hydroxyzine HCl
Drug2624,Cefadroxil monohydrate
Drug2625,Gabapentin
Drug2626,Denopamine
Drug2627,Zoledronic acid
